"V1","V2","V3","V4"
0.521252453327179,0.307991474866867,0.0033746191766113,0.00100883352570236
0.540145993232727,0.319867163896561,0.00344634638167918,0.00101566617377102
0.524387240409851,0.312355428934097,0.00324863940477371,0.00100134254898876
0.515857577323914,0.310615569353104,0.00317828170955181,0.00102419801987708
0.513036966323853,0.308749705553055,0.0030450311023742,0.000849049829412252
0.521419525146484,0.306464105844498,0.00296432059258223,0.000922939041629434
0.503484845161438,0.304054439067841,0.0032184689771384,0.000854459824040532
0.5159672498703,0.30499467253685,0.00301036960445344,0.000847759831231087
0.506251215934753,0.302827298641205,0.00300508690997958,0.000864918285515159
0.526043653488159,0.31525531411171,0.00281727570109069,0.00101993733551353
0.513651967048645,0.307521998882294,0.00310028670355678,0.000941064732614905
0.507082104682922,0.296878784894943,0.00329998671077192,0.00089450302766636
0.531989097595215,0.316544383764267,0.00337335024960339,0.00110011966899037
0.496634423732758,0.29393544793129,0.00349022494629025,0.000915015174541622
0.53545069694519,0.316489219665527,0.00338460830971599,0.000897566846106201
0.508081078529358,0.299721777439117,0.00368822691962123,0.0009920175652951
0.507608294487,0.299117535352707,0.00274789216928184,0.00106055953074247
0.513039290904999,0.302054524421692,0.00339951855130494,0.000963827653322369
0.510331571102142,0.306887626647949,0.00261098216287792,0.00104583951178938
0.530252873897552,0.318462938070297,0.00286335404962301,0.000889839488081634
0.510599374771118,0.307588517665863,0.00288032670505345,0.0010878702159971
0.503509640693665,0.300448894500732,0.00276170391589403,0.000842386623844504
0.508021295070648,0.306402862071991,0.00298070139251649,0.00102577148936689
0.513441920280457,0.308363437652588,0.00293693924322724,0.00094013090711087
0.508129596710205,0.300105631351471,0.00275878608226776,0.000847580842673779
0.518964171409607,0.312378197908401,0.00363677483983338,0.0010773028479889
0.511505663394928,0.306894421577454,0.00325558451004326,0.00113334855996072
0.519452452659607,0.304476141929626,0.00284870760515332,0.00104950286913663
0.496290326118469,0.296575307846069,0.00303592858836055,0.00119175389409065
0.532678365707397,0.319149345159531,0.00283201690763235,0.00101869751233608
0.499698132276535,0.299049645662308,0.0031290021724999,0.000947444059420377
0.522629678249359,0.31434690952301,0.00320908566936851,0.00104095868300647
0.515760958194733,0.317474335432053,0.00315515347756445,0.00102676055394113
0.508119404315948,0.304237365722656,0.00326090166345239,0.000862738641444594
0.51196426153183,0.302467226982117,0.00339877582155168,0.000987643492408097
0.502068936824799,0.296733647584915,0.00320147117599845,0.000980113167315722
0.527772307395935,0.319638192653656,0.00310451979748905,0.00084022682858631
0.499906361103058,0.296564698219299,0.00299079157412052,0.000853889039717615
0.534324884414673,0.319968611001968,0.00313392630778253,0.000923114537727088
0.517949044704437,0.308959871530533,0.00336357532069087,0.00102968025021255
0.493399560451508,0.295159667730331,0.00353187881410122,0.00108589616138488
0.515193700790405,0.303980559110641,0.00291977124288678,0.00125588302034885
0.50350958108902,0.302630454301834,0.0034419265575707,0.000913650263100863
0.514294445514679,0.307985842227936,0.00318030547350645,0.00102861039340496
0.500482738018036,0.304924100637436,0.00355574558489025,0.000980409793555737
0.507117390632629,0.304870128631592,0.0029180534183979,0.000874796416610479
0.497193157672882,0.295760244131088,0.00335950776934624,0.000853042467497289
0.513435423374176,0.307104259729385,0.00340699194930494,0.0010959793580696
0.528106808662415,0.314492285251617,0.00343500124290586,0.000960326753556728
0.503219664096832,0.298761069774628,0.00272144959308207,0.00106697587762028
0.512252986431122,0.307503700256348,0.00270324083976448,0.00100906856823713
0.521220088005066,0.312337547540665,0.00322748627513647,0.000851519987918437
0.521556675434113,0.31063649058342,0.00332119176164269,0.000921654107514769
0.513858079910278,0.305160105228424,0.00290852249599993,0.00102863390929997
0.532678246498108,0.317587703466415,0.00290510919876397,0.00106930115725845
0.498310148715973,0.291830509901047,0.00304148835130036,0.00101056054700166
0.499548196792603,0.30023255944252,0.00331828091293573,0.00108787638600916
0.499900162220001,0.296197950839996,0.0034999055787921,0.00092039379524067
0.509826064109802,0.30124819278717,0.00343058467842638,0.00111830385867506
0.501365840435028,0.297773659229279,0.00375893549062312,0.000925736501812935
0.527768552303314,0.319584637880325,0.00319327879697084,0.000972148030996323
0.49027943611145,0.292417168617249,0.00344154960475862,0.000945741892792284
0.514467895030975,0.306956022977829,0.00307718571275473,0.000996801536530256
0.527768492698669,0.312512755393982,0.00286354892887175,0.00109551462810487
0.508129477500916,0.308228254318237,0.00288323150016367,0.00102998549118638
0.522862017154694,0.309462785720825,0.00365952681750059,0.000792328617535532
0.53440910577774,0.319278419017792,0.00345428450964391,0.000946668558754027
0.49986407160759,0.297649919986725,0.00319287879392505,0.000951616209931672
0.516804218292236,0.30574968457222,0.0035601812414825,0.000857670966070145
0.507118999958038,0.306073755025864,0.0033731865696609,0.000858637096825987
0.500682234764099,0.298325628042221,0.00294180843047798,0.000836555671412498
0.521505177021027,0.308281064033508,0.00371044012717903,0.0010435099247843
0.531345784664154,0.320835828781128,0.00312648573890328,0.00111248844768852
0.505141079425812,0.297169208526611,0.0031422465108335,0.00111516704782844
0.502018868923187,0.298792481422424,0.00313866860233247,0.00102324422914535
0.518255174160004,0.308336287736893,0.00266286474652588,0.000870006682816893
0.496290773153305,0.295760005712509,0.00319988490082324,0.000848686846438795
0.513025164604187,0.309633553028107,0.0030712669249624,0.000946500746067613
0.50812953710556,0.307182401418686,0.0030060384888202,0.000951359514147043
0.504450976848602,0.303482681512833,0.00329731893725693,0.00108285644091666
0.526134192943573,0.314539849758148,0.00279049738310277,0.000972444133367389
0.49798908829689,0.296995729207993,0.00295286392793059,0.000899618316907436
0.50350958108902,0.301356434822083,0.00311173824593425,0.00100426655262709
0.529217004776001,0.319681316614151,0.0035911020822823,0.000961664132773876
0.510430097579956,0.306480050086975,0.00284961122088134,0.000987797975540161
0.507115006446838,0.298796445131302,0.00324859283864498,0.00105021276976913
0.516688048839569,0.305311560630798,0.00307662482373416,0.00108609651215374
0.512628853321075,0.304990768432617,0.00262243393808603,0.000938689685426652
0.50401771068573,0.304067969322205,0.00311674363911152,0.000899483682587743
0.507119059562683,0.307759970426559,0.00277189863845706,0.000947450869716704
0.493832945823669,0.298553973436356,0.00360159343108535,0.0010961793595925
0.492559552192688,0.298686444759369,0.00324351177550852,0.000834922830108553
0.525061845779419,0.323069661855698,0.00308806542307138,0.000957278301939368
0.50014317035675,0.295489460229874,0.00343777402304113,0.00100166047923267
0.520695686340332,0.311741769313812,0.00331342383287847,0.000918822537641972
0.480483442544937,0.288264274597168,0.00309534277766943,0.00106040551327169
0.551232874393463,0.335408180952072,0.0030725363176316,0.00117663491982967
0.526570200920105,0.309889107942581,0.00319099449552596,0.000996007467620075
0.506411612033844,0.304949462413788,0.00381305254995823,0.00105552014429122
0.478243738412857,0.275122106075287,0.00300277839414775,0.000866967136971653
0.514337718486786,0.312799692153931,0.00333476276136935,0.000973538553807884
0.499136924743652,0.297070026397705,0.00350674614310265,0.0010196651564911
0.520570993423462,0.307722926139832,0.00330026005394757,0.000947527587413788
0.507101893424988,0.309005528688431,0.00332545395940542,0.00102970714215189
0.531359374523163,0.320842683315277,0.0031309393234551,0.000987548846751451
0.526058316230774,0.318730771541595,0.00306497095152736,0.00092309300089255
0.507116436958313,0.307370275259018,0.00371194863691926,0.000922865117900074
0.517947137355804,0.309468477964401,0.00314525631256402,0.000915396027266979
0.517947137355804,0.307191878557205,0.00301362061873078,0.000979734817519784
0.521556496620178,0.309673190116882,0.00283124996349216,0.00106800859794021
0.500318288803101,0.302227824926376,0.00332110351882875,0.00092654034961015
0.517949640750885,0.308817505836487,0.00374303595162928,0.000930663954932243
0.513572037220001,0.303875625133514,0.00302246352657676,0.00100680417381227
0.513873040676117,0.31280854344368,0.00330161629244685,0.000987099949270487
0.541838526725769,0.331058204174042,0.00315757561475039,0.00096928421407938
0.507836937904358,0.30558305978775,0.00319080613553524,0.000867552007548511
0.510724365711212,0.30304279923439,0.00389020540751517,0.000914592703338712
0.507674098014832,0.309475779533386,0.00301736383698881,0.00095305684953928
0.521556496620178,0.313671112060547,0.00291925831697881,0.000881256244610995
0.509828925132751,0.301362305879593,0.00337249133735895,0.00083663739496842
0.521746039390564,0.312220573425293,0.00339498068206012,0.000996247748844326
0.517956972122192,0.307270884513855,0.00361944735050201,0.000719759031198919
0.516067922115326,0.314754068851471,0.00316362618468702,0.00096950598526746
0.521556496620178,0.310900270938873,0.00290645845234394,0.000953500275500119
0.495368599891663,0.294106811285019,0.00361742195673287,0.000889527378603816
0.540145993232727,0.319867163896561,0.00344634638167918,0.00106238131411374
0.533208549022675,0.322418987751007,0.00323793920688331,0.00103604153264314
0.50990879535675,0.307989895343781,0.00322912936098874,0.00100686645600945
0.525500357151031,0.320260107517242,0.00289158779196441,0.000935045536607504
0.493368983268738,0.294169336557388,0.00336507917381823,0.000878524384461343
0.495177030563354,0.29438653588295,0.00352574442513287,0.000898809521459043
0.496108829975128,0.301236569881439,0.00336613669060171,0.000982766738161445
0.514725565910339,0.314210623502731,0.00331705040298402,0.000903980515431613
0.514230608940125,0.308577865362167,0.0033730692230165,0.000927975808735937
0.514337718486786,0.30479896068573,0.00366080738604069,0.00104980054311454
0.551232874393463,0.335408180952072,0.0030725363176316,0.00100914039649069
0.517949104309082,0.307066738605499,0.00322808884084225,0.000972447392996401
0.524385392665863,0.317550718784332,0.00298654125072062,0.000974309572484344
0.508120715618134,0.301569998264313,0.00349174370057881,0.000989822088740766
0.517947137355804,0.310505151748657,0.00336055061779916,0.00095407891785726
0.502493977546692,0.300826162099838,0.00345735554583371,0.00094159907894209
0.499904453754425,0.299270629882812,0.00348124816082418,0.000980241689831018
0.53815495967865,0.320300161838531,0.00359364971518517,0.000952103873714805
0.500289082527161,0.302886068820953,0.00311112334020436,0.000836610677652061
0.511003375053406,0.308582335710526,0.00336207076907158,0.000917636964004487
0.552991390228271,0.322179436683655,0.0033001706469804,0.000983221223577857
0.516099810600281,0.312123596668243,0.00323290261439979,0.00104193657170981
0.541404485702515,0.322513490915298,0.00346932280808687,0.00110933580435812
0.530646443367004,0.31866779923439,0.00321894092485309,0.000982486759312451
0.515708684921265,0.313690066337585,0.00322270998731256,0.000922773615457118
0.507535815238953,0.301633477210999,0.00322270393371582,0.00102000636979938
0.47995662689209,0.282237589359283,0.00299365958198905,0.00082527007907629
0.510063111782074,0.311816781759262,0.00339465588331223,0.000812151993159205
0.511159181594849,0.304078787565231,0.00379930692724884,0.00106916064396501
0.499900162220001,0.298971027135849,0.00306613137945533,0.00103797588963062
0.52285236120224,0.3117436170578,0.00324195413850248,0.000868484959937632
0.499467372894287,0.297775387763977,0.00331940106116235,0.00102701154537499
0.528775334358215,0.316527307033539,0.00290181231684983,0.00106157851405442
0.504547536373138,0.300665378570557,0.0030450455378741,0.00119421945419163
0.551232874393463,0.335408180952072,0.00302861304953694,0.00102134549524635
0.520082354545593,0.30960738658905,0.00320314965210855,0.000989325810223818
0.507737994194031,0.300270438194275,0.00286747585050762,0.00108172930777073
0.531359374523163,0.320842683315277,0.00366276619024575,0.00107534392736852
0.521659970283508,0.31114798784256,0.00318739609792829,0.00110484100878239
0.518224596977234,0.309407949447632,0.00402332516387105,0.000821615278255194
0.510889649391174,0.308568388223648,0.00294096535071731,0.000762325129471719
0.508451461791992,0.303922951221466,0.00276813027448952,0.00100778869818896
0.521556496620178,0.312574863433838,0.00302131404168904,0.000934577779844403
0.52275425195694,0.312062978744507,0.00307960109785199,0.000955607567448169
0.526971697807312,0.317191600799561,0.00339456531219184,0.000953167676925659
0.52148848772049,0.308607965707779,0.00317744072526693,0.00104624370578676
0.543789863586426,0.319867163896561,0.00344634638167918,0.000989459338597953
0.542499899864197,0.327362030744553,0.00372828776016831,0.000885329442098737
0.520829021930695,0.313114404678345,0.00265298970043659,0.00089172541629523
0.538806915283203,0.321964859962463,0.00312717910856009,0.00112569879274815
0.527002334594727,0.320502281188965,0.00300080771557987,0.00097498029936105
0.492518842220306,0.295737504959106,0.00308747449889779,0.00101846107281744
0.521556556224823,0.310133695602417,0.00313477544113994,0.000851145421620458
0.522214531898499,0.312105417251587,0.00292066554538906,0.000915922340936959
0.510112285614014,0.308567851781845,0.00315960287116468,0.00106244254857302
0.510773777961731,0.300182461738586,0.00343873957172036,0.000940242491196841
0.538570702075958,0.318765848875046,0.00309436279349029,0.00085831549949944
0.486887097358704,0.293518543243408,0.00290222652256489,0.000947891268879175
0.515353977680206,0.310500085353851,0.00327176786959171,0.00112435151822865
0.518551349639893,0.313256502151489,0.00328829931095243,0.0010766601189971
0.531809210777283,0.319431275129318,0.00299201929010451,0.000996409100480378
0.509386420249939,0.300898790359497,0.00376220722682774,0.000943009275943041
0.506556749343872,0.301368951797485,0.00311904447153211,0.00106619764119387
0.519205570220947,0.313103526830673,0.00330291013233364,0.00102941028308123
0.499906241893768,0.299854189157486,0.00333270127885044,0.000981025863438845
0.539203822612762,0.322575479745865,0.00342097110114992,0.000940867001190782
0.515923738479614,0.305741250514984,0.00307466252706945,0.00103761139325798
0.520453572273254,0.322132676839828,0.00364825921133161,0.00104591576382518
0.503219723701477,0.294832408428192,0.00319265690632164,0.000904271844774485
0.531921803951263,0.321491479873657,0.0036601594183594,0.000869312032591552
0.515349268913269,0.308776289224625,0.00343635864555836,0.000998613657429814
0.516189217567444,0.311224579811096,0.00358359748497605,0.000920090300496668
0.521280109882355,0.315051376819611,0.00302996463142335,0.000871404423378408
0.507118940353394,0.305655986070633,0.00325637799687684,0.00111033546272665
0.525164484977722,0.317703306674957,0.00282823969610035,0.000871372467372566
0.551232874393463,0.335408180952072,0.0030725363176316,0.000970724795479327
0.539567828178406,0.321540862321854,0.00310233002528548,0.000948240049183369
0.513173699378967,0.305213868618011,0.00299475016072392,0.000843162648379803
0.515604019165039,0.305493652820587,0.00280121434479952,0.00104000023566186
0.496885776519775,0.293771952390671,0.00360765028744936,0.000953289854805917
0.51994913816452,0.315888524055481,0.00314168725162745,0.000860193278640509
0.503219842910767,0.294792801141739,0.00332761858589947,0.000880241161212325
0.472444653511047,0.283603757619858,0.00362522667273879,0.000915071868803352
0.503471612930298,0.299135506153107,0.00334764295257628,0.00102994323242456
0.507247567176819,0.308323413133621,0.00252685765735805,0.00111914949957281
0.516889333724976,0.30499330163002,0.0030212034471333,0.000998353818431497
0.543789863586426,0.319867163896561,0.00294589693658054,0.00113515346311033
0.498231083154678,0.300697565078735,0.00314472801983356,0.00104366498999298
0.524204432964325,0.310576975345612,0.00291007244959474,0.00109055591747165
0.543211996555328,0.322077125310898,0.00312756188213825,0.000952332571614534
0.529025256633759,0.319266885519028,0.00308768474496901,0.000979131320491433
0.485462605953217,0.295028030872345,0.00291560916230083,0.000969950633589178
0.525061845779419,0.318234592676163,0.00345216551795602,0.00090837775496766
0.496177852153778,0.288810849189758,0.0035704243928194,0.000890069408342242
0.526732921600342,0.314628958702087,0.00369271310046315,0.000964600185398012
0.51042115688324,0.309335500001907,0.00305982562713325,0.00105280720163137
0.517947375774384,0.304178655147552,0.00275766174308956,0.0010157044744119
0.517114460468292,0.310793161392212,0.00315698073245585,0.000943688210099936
0.504268229007721,0.300094991922379,0.00342748314142227,0.00105287542100996
0.517948031425476,0.311201333999634,0.00380354234948754,0.000988956191577017
0.520654320716858,0.309567451477051,0.00331220962107182,0.00102291803341359
0.508128821849823,0.309663116931915,0.00291645317338407,0.000923165120184422
0.540145993232727,0.31507283449173,0.00344634638167918,0.00110719935037196
0.525845050811768,0.312659978866577,0.00327689782716334,0.000971881207078695
0.517947196960449,0.314031988382339,0.00396411446854472,0.000887227768544108
0.541324138641357,0.321182489395142,0.00300335907377303,0.000968491833191365
0.52647602558136,0.31176945567131,0.00353684346191585,0.000999952433630824
0.4992695748806,0.297038435935974,0.0033680007327348,0.000839814019855112
0.513398170471191,0.306119114160538,0.00316086667589843,0.00114095234312117
0.517947137355804,0.305869162082672,0.0031506922096014,0.000891780306119472
0.551232874393463,0.335408180952072,0.0030725363176316,0.000970707682427019
0.545198023319244,0.32933509349823,0.0030142879113555,0.00097676960285753
0.517947316169739,0.308813393115997,0.00338510284200311,0.00101921090390533
0.503595232963562,0.305623024702072,0.00319061172194779,0.00104237766936421
0.540716588497162,0.330341279506683,0.00375269865617156,0.000983279314823449
0.523355484008789,0.313545048236847,0.00319732190109789,0.00113642972428352
0.525291740894318,0.314570128917694,0.00316448928788304,0.000981088145636022
0.52941358089447,0.319499760866165,0.00285787973552942,0.000988510437309742
0.541020154953003,0.328326880931854,0.00361884944140911,0.00106340041384101
0.516549289226532,0.308349668979645,0.00347958668135107,0.00103692174889147
0.507118999958038,0.302429139614105,0.00287739303894341,0.00104624521918595
0.529025316238403,0.316151887178421,0.00328299053944647,0.00103703886270523
0.53145432472229,0.318764060735703,0.00278643448837101,0.00101381540298462
0.493428289890289,0.29615643620491,0.00325555517338216,0.000934068753849715
0.531533241271973,0.321391046047211,0.00336026423610747,0.00094888563035056
0.540145993232727,0.31507283449173,0.00294589693658054,0.00107280083466321
0.52618145942688,0.318657487630844,0.0029711639508605,0.000924436317291111
0.518382668495178,0.30498930811882,0.00306016649119556,0.000850706186611205
0.515661835670471,0.311261892318726,0.00280145439319313,0.00112251832615584
0.522898435592651,0.311093151569366,0.00309929205104709,0.00121485453564674
0.518613934516907,0.306813985109329,0.00323284417390823,0.000986121478490531
0.523452997207642,0.312747418880463,0.0036941827274859,0.00095781497657299
0.521557033061981,0.316451072692871,0.00350054702721536,0.000917134922929108
0.509455382823944,0.299640655517578,0.00285870325751603,0.00090339093003422
0.507868766784668,0.301392048597336,0.00372685422189534,0.00111086200922728
0.486366093158722,0.291625559329987,0.00287444773130119,0.000939580786507577
0.519341230392456,0.309937387704849,0.00324977305717766,0.00102170382160693
0.507291436195374,0.303178161382675,0.00282361195422709,0.00100979022681713
0.501600861549377,0.300362348556519,0.0033773030154407,0.000885027344338596
0.511692762374878,0.302101105451584,0.00304952007718384,0.000783398107159883
0.514766097068787,0.308255434036255,0.0032169281039387,0.000871967407874763
0.507119059562683,0.305160164833069,0.00348813692107797,0.00086489599198103
0.526715517044067,0.317044228315353,0.00330204237252474,0.000976663897745311
0.511630654335022,0.311238527297974,0.00306764408014715,0.000934476673137397
0.511812806129456,0.304993271827698,0.00273207342252135,0.00105155305936933
0.509131968021393,0.304981261491776,0.00365827465429902,0.000940005877055228
0.520787000656128,0.309045791625977,0.00364026799798012,0.0010545130353421
0.521556079387665,0.317811876535416,0.00314093194901943,0.00110181712079793
0.510730743408203,0.304183721542358,0.00310743134468794,0.000923978164792061
0.562694430351257,0.344643115997314,0.00306030921638012,0.000937924021854997
0.511444926261902,0.304735064506531,0.00290937558747828,0.0010486199753359
0.524988830089569,0.313977718353271,0.00305393105372787,0.000984372338280082
0.509350776672363,0.305173546075821,0.00340455514378846,0.000959435536060482
0.517947137355804,0.313592553138733,0.00339292734861374,0.000916479562874883
0.504981875419617,0.311040580272675,0.00313751236535609,0.00101620843634009
0.531359374523163,0.320842683315277,0.00368479848839343,0.000822649395558983
0.551232874393463,0.335408180952072,0.00302861304953694,0.00092096341541037
0.532384753227234,0.314860671758652,0.00323371682316065,0.000967437692452222
0.526460587978363,0.313051015138626,0.00312268477864563,0.000860992702655494
0.496976315975189,0.297349721193314,0.00363539205864072,0.00101701321545988
0.524865865707397,0.31674125790596,0.0033840041141957,0.000862005690578371
0.504342317581177,0.296996712684631,0.00395121145993471,0.00110822136048228
0.507118999958038,0.305441439151764,0.00304293818771839,0.000948120781686157
0.517179191112518,0.310297250747681,0.0030880244448781,0.001097223139368
0.514261722564697,0.306474685668945,0.003249098546803,0.000905654218513519
0.519339919090271,0.311955064535141,0.00312533951364458,0.000998976756818593
0.522556364536285,0.310131430625916,0.00322891701944172,0.0010593916522339
0.514700055122375,0.307794004678726,0.00303069036453962,0.000865932612214237
0.516426086425781,0.308782041072845,0.00331278354860842,0.000939634104724973
0.501197338104248,0.29636338353157,0.00275022210553288,0.000994298607110977
0.52246081829071,0.311058878898621,0.00323996553197503,0.000951850670389831
0.508128643035889,0.302470773458481,0.0033821021206677,0.000786478049121797
0.48816967010498,0.292642802000046,0.00326550309546292,0.00106234638951719
0.492735058069229,0.297208726406097,0.00341813405975699,0.000921058643143624
0.517057955265045,0.302201241254807,0.00351359811611474,0.000932007562369108
0.517993807792664,0.306406140327454,0.00338945491239429,0.00117205374408513
0.529549777507782,0.314710855484009,0.0034240554086864,0.000997684546746314
0.535385012626648,0.316645860671997,0.00324722286313772,0.000810827943496406
0.502495646476746,0.296946406364441,0.00321409129537642,0.00100741093046963
0.51920086145401,0.30933028459549,0.00338600063696504,0.00103460263926536
0.509088933467865,0.304540634155273,0.00334436004050076,0.000932420371100307
0.511337518692017,0.305145293474197,0.00308624724857509,0.00101349561009556
0.508451163768768,0.301281571388245,0.00343489344231784,0.000979400123469532
0.510271668434143,0.300734341144562,0.00320809264667332,0.00102500768844038
0.517869174480438,0.306095361709595,0.00277177314274013,0.000974975235294551
0.506585299968719,0.305936396121979,0.00365812866948545,0.00106074870564044
0.50643664598465,0.304910004138947,0.0031965016387403,0.00081949430750683
0.520652174949646,0.311095684766769,0.00297316629439592,0.00100200180895627
0.53518009185791,0.318313986063004,0.00299732643179595,0.00109753268770874
0.553275942802429,0.33018359541893,0.00296554155647755,0.001028360449709
0.558752000331879,0.330409318208694,0.00355619098991156,0.000971229688730091
0.531023740768433,0.317121088504791,0.00306063424795866,0.00102798466105014
0.50619637966156,0.303732633590698,0.0032734505366534,0.000881561252754182
0.494653582572937,0.299533843994141,0.00321219768375158,0.00114756310358644
0.535795092582703,0.321259528398514,0.00323478225618601,0.000974004506133497
0.517399311065674,0.308342814445496,0.00328488531522453,0.000849693489726633
0.495177030563354,0.295721679925919,0.00318147917278111,0.00103891477920115
0.507102370262146,0.301927208900452,0.00300864595919847,0.000829375931061804
0.488800376653671,0.293363481760025,0.00279882922768593,0.00105380173772573
0.540145993232727,0.319867163896561,0.00294589693658054,0.00119122688192874
0.493400394916534,0.297943413257599,0.0031773466616869,0.000977333984337747
0.521556735038757,0.308862596750259,0.00337201310321689,0.000955389463342726
0.517045497894287,0.303901940584183,0.00325107458047569,0.00092399533605203
0.529270231723785,0.31582373380661,0.00311332358978689,0.000949117704294622
0.52743673324585,0.319007337093353,0.00278315902687609,0.00107745989225805
0.534958362579346,0.325711309909821,0.00368479848839343,0.000964975391980261
0.502256870269775,0.297493606805801,0.00341616733931005,0.000842260196805
0.543211758136749,0.323881655931473,0.00293337972834706,0.000973427202552557
0.498280614614487,0.299782902002335,0.00273883133195341,0.000974754511844367
0.521556556224823,0.313663870096207,0.00296332710422575,0.000916223623789847
0.52083545923233,0.317163735628128,0.00296062347479165,0.000941540289204568
0.503480732440948,0.299568742513657,0.00325030530802906,0.00102609756868333
0.52447909116745,0.315246105194092,0.00282801757566631,0.00103128573391587
0.517353534698486,0.307354807853699,0.00370433134958148,0.00102736055850983
0.4988953769207,0.297016024589539,0.00302437948994339,0.000974704336840659
0.551232874393463,0.335408180952072,0.0030725363176316,0.000970707682427019
0.495534658432007,0.294801265001297,0.00310941156931221,0.000921447644941509
0.498654186725616,0.292181998491287,0.00313006434589624,0.00103252253029495
0.525648713111877,0.311738461256027,0.00322729907929897,0.00101999565958977
0.519203245639801,0.312028259038925,0.00334904901683331,0.00108801538590342
0.50227165222168,0.299923807382584,0.00342855346389115,0.000958794669713825
0.502469897270203,0.302333354949951,0.00322139076888561,0.000905007414985448
0.521914780139923,0.307686924934387,0.00331000587902963,0.00112595641985536
0.503799140453339,0.302143782377243,0.00370989996008575,0.000994933769106865
0.50350958108902,0.300189346075058,0.00322255189530551,0.000965542567428201
0.507118940353394,0.305303871631622,0.00287329545244575,0.000963131489697844
0.517937421798706,0.308604836463928,0.00317518902011216,0.000982478726655245
0.52149498462677,0.311643213033676,0.00316299987025559,0.00107965024653822
0.521555423736572,0.310327529907227,0.00344597594812512,0.00101460667792708
0.522858798503876,0.313339084386826,0.0028794736135751,0.0011180592700839
0.51283061504364,0.309623420238495,0.00300349341705441,0.000894452270586044
0.540145993232727,0.319867163896561,0.00294589693658054,0.00107516441494226
0.523814976215363,0.316653996706009,0.00324657815508544,0.000969933986198157
0.518584132194519,0.312353491783142,0.00260948203504086,0.00116698245983571
0.51639586687088,0.309061884880066,0.00346234254539013,0.0010161668760702
0.501305460929871,0.296020269393921,0.00319706182926893,0.00101477978751063
0.525164425373077,0.310055375099182,0.0033862458076328,0.000803564034868032
0.499215453863144,0.299326062202454,0.00331249320879579,0.000941077712923288
0.543210446834564,0.327623605728149,0.00314202508889139,0.00113988970406353
0.512324273586273,0.303481847047806,0.00332485092803836,0.000939734920393676
0.512784659862518,0.304675310850143,0.00288986996747553,0.00102732889354229
0.494347929954529,0.296145796775818,0.00382272084243596,0.000921058643143624
0.516449213027954,0.312246710062027,0.00323528912849724,0.000981969409622252
0.508031845092773,0.300723969936371,0.00286102364771068,0.000821713532786816
0.528634428977966,0.31548610329628,0.00314602931030095,0.00108418869785964
0.52286159992218,0.310281425714493,0.00340885412879288,0.000924618274439126
0.527617752552032,0.31669157743454,0.00309688923880458,0.000925667700357735
0.503509640693665,0.301554381847382,0.00307747605256736,0.000909782480448484
0.511792123317719,0.30349937081337,0.0032636895775795,0.000961824611295015
0.521778762340546,0.314068078994751,0.00369431800208986,0.000835953804198653
0.498310208320618,0.298688232898712,0.00330923078581691,0.000939542776905
0.51797890663147,0.309664189815521,0.00315371016040444,0.00103739777114242
0.498309850692749,0.29410845041275,0.00340443849563599,0.00105397694278508
0.525165975093842,0.31049457192421,0.00350341247394681,0.00092573300935328
0.532104015350342,0.313332110643387,0.00362647976726294,0.000982749974355102
0.504414796829224,0.299127757549286,0.00295735918916762,0.000969627522863448
0.499900162220001,0.299838602542877,0.00341828376986086,0.000983907491900027
0.515501499176025,0.309863269329071,0.00300740287639201,0.000918708217795938
0.506986200809479,0.304823040962219,0.00301018496975303,0.000944507599342614
0.521556615829468,0.309313654899597,0.00293541420251131,0.00103960232809186
0.522858738899231,0.312107712030411,0.00326942931860685,0.00092238443903625
0.52561092376709,0.31633272767067,0.00336638186126947,0.000969378452282399
0.541866719722748,0.324796468019485,0.00328121543861926,0.00101637851912528
0.498091280460358,0.298390358686447,0.00328599731437862,0.000851981167215854
0.520672023296356,0.31348380446434,0.00299047841690481,0.00119154539424926
0.519986629486084,0.308350801467896,0.00335655175149441,0.000940009893383831
0.509816825389862,0.302735894918442,0.00348075455985963,0.00093298003775999
0.500262379646301,0.296945095062256,0.00302163208834827,0.000999969081021845
0.506719827651978,0.306158512830734,0.00320794153958559,0.00104808330070227
0.48816967010498,0.294163763523102,0.00353055424056947,0.000972236099187285
0.506648361682892,0.301877051591873,0.00306700146757066,0.00107693218160421
0.534469604492188,0.319314926862717,0.00284265889786184,0.00124396733008325
0.527415156364441,0.316622078418732,0.00318697886541486,0.00103007676079869
0.498309969902039,0.304654389619827,0.00355808553285897,0.00105750805232674
0.517250061035156,0.316619068384171,0.00348452921025455,0.00096198043320328
0.514571964740753,0.301967918872833,0.00297770812176168,0.00106622057501227
0.509833097457886,0.298555642366409,0.00310053885914385,0.000890693627297878
0.508680641651154,0.300942003726959,0.00304183759726584,0.000944823608733714
0.496486127376556,0.290056109428406,0.00356511073186994,0.000946301384828985
0.525167882442474,0.31459966301918,0.00365015934221447,0.000973870803136379
0.534235298633575,0.316654235124588,0.00308268773369491,0.000947159132920206
0.512317895889282,0.309539049863815,0.00318793347105384,0.000868428673129529
0.535980820655823,0.326505839824677,0.00318235019221902,0.000995695707388222
0.541464328765869,0.321375161409378,0.00354282837361097,0.000956628355197608
0.525685906410217,0.315179616212845,0.00311736995354295,0.000934041163418442
0.540145993232727,0.31507283449173,0.00344634638167918,0.00101471832022071
0.515186846256256,0.30851411819458,0.00317240576259792,0.00113689084537327
0.537588000297546,0.326115489006042,0.00329516921192408,0.00100643374025822
0.517946779727936,0.306778430938721,0.00299735902808607,0.000872572360094637
0.495646506547928,0.296217322349548,0.00309683033265173,0.00089131883578375
0.542138159275055,0.328114718198776,0.00340853119269013,0.00094270147383213
0.504806041717529,0.304073691368103,0.00342032639309764,0.000883473840076476
0.534958362579346,0.325711309909821,0.00366276619024575,0.000918033707421273
0.504411935806274,0.293487250804901,0.00310718570835888,0.00100014917552471
0.518712103366852,0.3072889149189,0.00301856640726328,0.000951834372244775
0.495133101940155,0.301379472017288,0.00322281732223928,0.000935498042963445
0.529628992080688,0.31851264834404,0.00289297453127801,0.00123023614287376
0.531847476959229,0.316645085811615,0.00312280654907227,0.000964476028457284
0.517529964447021,0.308342397212982,0.00299770175479352,0.000832533754874021
0.526340961456299,0.317546546459198,0.00292713195085526,0.00110554159618914
0.524235486984253,0.316470324993134,0.0034946333616972,0.00225423509255052
0.507476091384888,0.306144893169403,0.00316132395528257,0.00104020291473716
0.522135317325592,0.31184509396553,0.00302323512732983,0.000931786431465298
0.515288412570953,0.303702026605606,0.00292798643931746,0.000865383830387145
0.527764916419983,0.313518702983856,0.00286240526475012,0.00101479433942586
0.521688342094421,0.310102611780167,0.00327005190774798,0.00106027151923627
0.507434129714966,0.301925539970398,0.00322137377224863,0.000919138779863715
0.503292679786682,0.299361199140549,0.00331807089969516,0.000987782841548324
0.510439038276672,0.304993152618408,0.00309875188395381,0.0010750429937616
0.512935221195221,0.306887626647949,0.00355472858063877,0.00102791306562722
0.499900162220001,0.297528773546219,0.00365059007890522,0.000995428534224629
0.534284472465515,0.31879261136055,0.00303308665752411,0.00107252178713679
0.513039231300354,0.306038409471512,0.00349342753179371,0.00100551184732467
0.50425124168396,0.299531817436218,0.00318556372076273,0.00096396409207955
0.500289082527161,0.302886068820953,0.00305599509738386,0.00093327445210889
0.520687222480774,0.310483574867249,0.00364275346510112,0.0010429301764816
0.522858738899231,0.309776544570923,0.00319109484553337,0.000941216771025211
0.492681443691254,0.296443283557892,0.00376049941405654,0.000919240817893296
0.518779635429382,0.311934173107147,0.00354423839598894,0.00100685830693692
0.527495145797729,0.313039749860764,0.00350167858414352,0.000802073162049055
0.50320839881897,0.30280989408493,0.00314584071747959,0.000971714500337839
0.499900221824646,0.303064078092575,0.00291135581210256,0.00104341330006719
0.507119119167328,0.304086148738861,0.0032361822668463,0.000982805620878935
0.500936388969421,0.30108830332756,0.00275239162147045,0.000922701496165246
0.502842843532562,0.303696364164352,0.00363217340782285,0.00096545199630782
0.532678306102753,0.319851934909821,0.00291970605030656,0.00107333110645413
0.534131169319153,0.320102632045746,0.00337273860350251,0.000895813282113522
0.537588715553284,0.32376229763031,0.00345990736968815,0.00109746004454792
0.526601910591125,0.309113293886185,0.0033203586935997,0.000898028141818941
0.535994172096252,0.323410212993622,0.00322828395292163,0.00105901854112744
0.501707434654236,0.301854342222214,0.00314698787406087,0.000907154171727598
0.513039231300354,0.303059220314026,0.00317445606924593,0.00106224860064685
0.525165915489197,0.31812709569931,0.00301061617210507,0.000898916681762785
0.519386827945709,0.307752966880798,0.00307268556207418,0.00100866868160665
0.508130192756653,0.304454028606415,0.00331583805382252,0.000789558805990964
0.519145607948303,0.310277223587036,0.00300032459199429,0.000928012479562312
0.50506991147995,0.301831901073456,0.00356995896436274,0.000889089540578425
0.510645687580109,0.311320841312408,0.0034970729611814,0.000909093709196895
0.491074025630951,0.299416720867157,0.00370944244787097,0.00100074661895633
0.503509640693665,0.299841731786728,0.00331597379408777,0.000997727387584746
0.517948806285858,0.307117193937302,0.00357626704499125,0.000948301050812006
0.534212172031403,0.316684782505035,0.00325370812788606,0.00101461249869317
0.518499970436096,0.308602631092072,0.00348219787701964,0.00100405083503574
0.516147613525391,0.314306497573853,0.00343110878020525,0.000979381031356752
0.535134732723236,0.322999149560928,0.00338683556765318,0.00103748927358538
0.523364186286926,0.309262692928314,0.00346715329214931,0.000946402433328331
0.525176525115967,0.321230053901672,0.0036383937112987,0.000947743072174489
0.513039350509644,0.302108108997345,0.00327827711589634,0.000940092373639345
0.524271488189697,0.313437908887863,0.0031869939994067,0.00092940020840615
0.53179943561554,0.317711114883423,0.00306780310347676,0.000940593890845776
0.507118999958038,0.304804414510727,0.00317697622813284,0.00100904365535825
0.517596244812012,0.311141222715378,0.0026908612344414,0.000938895449507982
0.539368331432343,0.323705941438675,0.00312202633358538,0.000883469649124891
0.515131294727325,0.301744788885117,0.00299770734272897,0.000796547334175557
0.517728090286255,0.310722082853317,0.00317123089917004,0.0010433403076604
0.499602317810059,0.297047644853592,0.00286666490137577,0.000950900721363723
0.526981234550476,0.312396764755249,0.00379907549358904,0.00102486507967114
0.496291100978851,0.292861968278885,0.00331936310976744,0.000971584348008037
0.518926560878754,0.312192589044571,0.0028717196546495,0.000886059307958931
0.481634557247162,0.286906361579895,0.00293630314990878,0.000971658853814006
0.508129119873047,0.30064383149147,0.00343939615413547,0.00097716914024204
0.507213056087494,0.305106908082962,0.00345325516536832,0.000842648441903293
0.51524019241333,0.301887780427933,0.00329322135075927,0.00081379187759012
0.495960503816605,0.299049347639084,0.00323262554593384,0.00109404057729989
0.516736686229706,0.310903608798981,0.00347529095597565,0.00104697293136269
0.52133047580719,0.311744511127472,0.00335415126755834,0.00100828649010509
0.513063013553619,0.307616323232651,0.00326822628267109,0.00091688014799729
0.522859513759613,0.308903008699417,0.00377077772282064,0.000952422968111932
0.507810235023499,0.304104447364807,0.00337326666340232,0.000986902392469347
0.507118999958038,0.302612602710724,0.0039010492619127,0.000894485099706799
0.49912041425705,0.300424635410309,0.00341274100355804,0.000848309951834381
0.531399130821228,0.320852786302567,0.00313088553957641,0.00102916010655463
0.529452621936798,0.323324650526047,0.00367274833843112,0.000801305868662894
0.524669885635376,0.312891393899918,0.00345166097395122,0.00103091460186988
0.522866129875183,0.311828225851059,0.00351912854239345,0.00110274215694517
0.519599497318268,0.313572883605957,0.00317416712641716,0.000978198368102312
0.519452154636383,0.309210002422333,0.00326808472163975,0.000889251881744713
0.50812953710556,0.30290886759758,0.00319084268994629,0.00109755469020456
0.51395845413208,0.305770128965378,0.00310862250626087,0.000975783565081656
0.530158936977386,0.314823418855667,0.00301952939480543,0.00102082046214491
0.518383502960205,0.308647692203522,0.00319501687772572,0.00108649092726409
0.515236735343933,0.308354616165161,0.00300804432481527,0.000896443671081215
0.519860804080963,0.310216575860977,0.00331867905333638,0.000973308924585581
0.532675623893738,0.321144104003906,0.00320605584420264,0.00111717090476304
0.507813096046448,0.301562637090683,0.0031840989831835,0.000964332604780793
0.521659970283508,0.307902663946152,0.00319634960033,0.00104626675602049
0.515911936759949,0.314389199018478,0.00296554155647755,0.000954362330958247
0.53238433599472,0.315216183662415,0.003613495035097,0.00098629028070718
0.522939085960388,0.317018330097198,0.00338731450028718,0.000892531184945256
0.51290088891983,0.306486546993256,0.00366100599057972,0.00097948603797704
0.521556556224823,0.310944646596909,0.00286744721233845,0.000944644911214709
0.520098924636841,0.312964528799057,0.00322854379191995,0.00103176350239664
0.516933500766754,0.309669613838196,0.00303813791833818,0.00106124521698803
0.514928817749023,0.309489399194717,0.00296895229257643,0.000998967792838812
0.543789863586426,0.319867163896561,0.00294589693658054,0.00106401741504669
0.50519460439682,0.30119526386261,0.00304183596745133,0.00106902350671589
0.521076202392578,0.312475264072418,0.00311501254327595,0.00105314049869776
0.508826375007629,0.301383644342422,0.00271374080330133,0.000963369267992675
0.521561861038208,0.31349304318428,0.00331255188211799,0.000934417359530926
0.585633277893066,0.359929233789444,0.00694624241441488,0.00563310459256172
0.479884684085846,0.285233557224274,0.00349024962633848,0.000804277486167848
0.53712409734726,0.323764711618423,0.0030587506480515,0.000982616445980966
0.533158957958221,0.317521601915359,0.00338506582193077,0.000974721042439342
0.487048715353012,0.28866520524025,0.00330608803778887,0.000904517131857574
0.518783569335938,0.309258818626404,0.00279944506473839,0.00101287267170846
0.518126249313354,0.306591838598251,0.00321180326864123,0.000888496928382665
0.524121165275574,0.311676263809204,0.00351151823997498,0.000893741031177342
0.507121384143829,0.304227590560913,0.0032135802321136,0.000905605033040047
0.50812953710556,0.302852958440781,0.00294265314005315,0.000933867122512311
0.503503799438477,0.301127910614014,0.0037595599424094,0.00114315003156662
0.509602427482605,0.300395250320435,0.00313401431776583,0.00105693319346756
0.517948865890503,0.309152573347092,0.00329691241495311,0.00107157998718321
0.5456463098526,0.331559985876083,0.00357799674384296,0.00096945051336661
0.502931594848633,0.30220752954483,0.00386134418658912,0.000993314431980252
0.532675623893738,0.322110801935196,0.00320522114634514,0.000986092258244753
0.504432439804077,0.304837733507156,0.00317678274586797,0.000884929904714227
0.504743218421936,0.297333627939224,0.0036233204882592,0.000976042239926755
0.514659285545349,0.310211479663849,0.00329464836977422,0.00108350533992052
0.49466672539711,0.295254766941071,0.00327984732575715,0.00096821814076975
0.513410449028015,0.312212765216827,0.0029720920138061,0.000925300701055676
0.488616704940796,0.283336877822876,0.00371131976135075,0.000920873833820224
0.558752000331879,0.330409318208694,0.00364254182204604,0.000951971800532192
0.540145993232727,0.319867163896561,0.00294589693658054,0.00104823370929807
0.540145993232727,0.31507283449173,0.00344634638167918,0.00115551322232932
0.503219664096832,0.297312021255493,0.00303862127475441,0.000849377654958516
0.521521091461182,0.315893083810806,0.00337167270481586,0.00111448904499412
0.523417115211487,0.317061901092529,0.00335002969950438,0.00100489426404238
0.508129596710205,0.306100964546204,0.00308474595658481,0.00102171069011092
0.550588250160217,0.324505656957626,0.0032407040707767,0.000893496966455132
0.521697163581848,0.311000913381577,0.00334684294648468,0.00106257374864072
0.521556496620178,0.30920398235321,0.00274726678617299,0.000953712500631809
0.517947196960449,0.306282877922058,0.00335022737272084,0.00102027377579361
0.48129615187645,0.283993482589722,0.00303917098790407,0.000857772422023118
0.546304404735565,0.334697693586349,0.00272816559299827,0.000901061051990837
0.518943011760712,0.312109589576721,0.0032815202139318,0.000894230208359659
0.541015565395355,0.330266773700714,0.00344650889746845,0.000754225766286254
0.514337718486786,0.303223609924316,0.00320202740840614,0.000973115966189653
0.507120490074158,0.303021937608719,0.0035888310521841,0.000925197964534163
0.519218504428864,0.307975441217422,0.00313664926216006,0.000902340456377715
0.516749620437622,0.312473297119141,0.00280670868232846,0.00107806851156056
0.509428322315216,0.302168965339661,0.00322666764259338,0.000920557416975498
0.514337241649628,0.307317644357681,0.00288586295209825,0.00109969673212618
0.531353950500488,0.319049924612045,0.00305705447681248,0.00108240696135908
0.532678306102753,0.322170674800873,0.00323446188122034,0.00107068161014467
0.53729259967804,0.319333404302597,0.00326764141209424,0.0011003939434886
0.528502345085144,0.30634343624115,0.00360845890827477,0.000922001258004457
0.526943683624268,0.319575250148773,0.0032673676032573,0.00108401558827609
0.537471294403076,0.320095658302307,0.00346965296193957,0.000951068941503763
0.516646683216095,0.311140775680542,0.00324175669811666,0.000872890115715563
0.527712225914001,0.31612154841423,0.00296915997751057,0.000909538823179901
0.497252345085144,0.292139142751694,0.00307572120800614,0.000819103384856135
0.513763666152954,0.309861987829208,0.003077327972278,0.000871360010933131
0.521438479423523,0.314949870109558,0.0031724798027426,0.000868486589752138
0.500802576541901,0.29698783159256,0.00359403621405363,0.00111798732541502
0.528981983661652,0.31550657749176,0.00328400824218988,0.00101936585269868
0.517947196960449,0.307988464832306,0.00347898039035499,0.000988666783086956
0.489743292331696,0.289525300264359,0.00383062683977187,0.00105070951394737
0.508208930492401,0.302062213420868,0.00300662103109062,0.000898354686796665
0.498171865940094,0.296838343143463,0.0031891567632556,0.000863343710079789
0.478478372097015,0.285936832427979,0.00335014262236655,0.00108224817086011
0.541442811489105,0.328814655542374,0.002826715586707,0.00111622095573694
0.527784705162048,0.314827352762222,0.00336830853484571,0.00101714604534209
0.539696872234344,0.323040038347244,0.00289341248571873,0.00102072220761329
0.500223815441132,0.299906462430954,0.00315140327438712,0.000950889429077506
0.503509640693665,0.301184415817261,0.00307120406068861,0.00113544834312052
0.532050311565399,0.319402664899826,0.00284968176856637,0.00104715512134135
0.532678246498108,0.319560259580612,0.00300159212201834,0.00088139739818871
0.53959846496582,0.321597069501877,0.00338506419211626,0.00102083163801581
0.525165975093842,0.316933542490005,0.00287287007085979,0.00114443374332041
0.505487501621246,0.298302054405212,0.00271304417401552,0.00100954005029052
0.517948985099792,0.310737580060959,0.00302950595505536,0.000997261027805507
0.518538475036621,0.311633050441742,0.003334054723382,0.00100004812702537
0.530870199203491,0.323338776826859,0.00332367676310241,0.000985628576017916
0.543789863586426,0.319867163896561,0.00344634638167918,0.00109813443850726
0.50710916519165,0.307732164859772,0.00325538287870586,0.000997206894680858
0.509826064109802,0.305273234844208,0.00334389694035053,0.000898988277185708
0.531481683254242,0.319116652011871,0.00318525126203895,0.000986107741482556
0.531359374523163,0.320842683315277,0.00343999196775258,0.00109635863918811
0.527561128139496,0.313472241163254,0.00301596778444946,0.00102508487179875
0.521555542945862,0.312644302845001,0.00294861802831292,0.00114677206147462
0.521556615829468,0.312378823757172,0.00319455587305129,0.0011321862693876
0.497364163398743,0.297973364591599,0.00352584011852741,0.000831738871056587
0.5106520652771,0.303082048892975,0.00314672128297389,0.00109391508158296
0.508880913257599,0.30825287103653,0.00333176855929196,0.000993424677290022
0.537700533866882,0.331501990556717,0.00310082687065005,0.000936054158955812
0.510374188423157,0.302005469799042,0.00297433021478355,0.000934402749408036
0.497500061988831,0.296683192253113,0.0029933659825474,0.000999479787424207
0.506925463676453,0.303009212017059,0.00296670687384903,0.00111945031676441
0.498301923274994,0.292055130004883,0.0036834622733295,0.000948633765801787
0.515384197235107,0.307195067405701,0.00286689144559205,0.00107344624120742
0.488490760326385,0.285928130149841,0.00303623941726983,0.000875783094670624
0.521584808826447,0.317014068365097,0.00328553910367191,0.00103297876194119
0.522148847579956,0.311607211828232,0.00340144336223602,0.000908026238903403
0.51285594701767,0.307744979858398,0.003315269947052,0.000959962490014732
0.50686252117157,0.305652886629105,0.00321415415965021,0.000953007314819843
0.558752000331879,0.330409318208694,0.00364254182204604,0.00110724195837975
0.543789863586426,0.319867163896561,0.00294589693658054,0.000980331329628825
0.499888002872467,0.295409619808197,0.00316817965358496,0.00096812954870984
0.52154529094696,0.319671630859375,0.0028493560384959,0.00107070500962436
0.514337658882141,0.30709844827652,0.00321971019729972,0.000966613122727722
0.519772708415985,0.308834701776505,0.00344501133076847,0.000978251919150352
0.536291718482971,0.321906924247742,0.00265633477829397,0.00110803544521332
0.522858738899231,0.314586162567139,0.00302469357848167,0.000829149852506816
0.551232874393463,0.335408180952072,0.00335224065929651,0.00111446203663945
0.530132055282593,0.316309303045273,0.00320086139254272,0.00102415273431689
0.541525483131409,0.321686327457428,0.00317006837576628,0.00108568766154349
0.520632863044739,0.312379688024521,0.00351393758319318,0.000898691767361015
0.496290296316147,0.291095107793808,0.00325524969957769,0.00096840230980888
0.53187882900238,0.319370657205582,0.00269800540991127,0.000895639881491661
0.521556615829468,0.312346637248993,0.00371400383301079,0.00104398734401911
0.507083773612976,0.302784413099289,0.00316516729071736,0.000928635941818357
0.5284304022789,0.315188199281693,0.00311724538914859,0.00106285070069134
0.508932113647461,0.304402649402618,0.00326754967682064,0.000907964771613479
0.52740752696991,0.314498871564865,0.00307528185658157,0.00087290967348963
0.525067448616028,0.312211811542511,0.00314712873660028,0.00102561851963401
0.518700003623962,0.309399485588074,0.00312330923043191,0.00106414884794503
0.524977564811707,0.313013404607773,0.00364255043677986,0.00104640540666878
0.534819960594177,0.318819105625153,0.00272257719188929,0.000981856137514114
0.514485418796539,0.310124009847641,0.00302580557763577,0.000821186986286193
0.501394093036652,0.301336288452148,0.00344387511722744,0.000887177884578705
0.54081791639328,0.324078291654587,0.00323389074765146,0.000959592463914305
0.50730973482132,0.306427538394928,0.00344737363047898,0.00104814779479057
0.534958362579346,0.325711309909821,0.00333373108878732,0.00100464536808431
0.519293308258057,0.309051990509033,0.00294568948447704,0.000875614467076957
0.522681415081024,0.307594746351242,0.00322478800080717,0.00113929074723274
0.516426086425781,0.308782041072845,0.00344774639233947,0.00100855273194611
0.521556973457336,0.316642284393311,0.0031157392077148,0.000894810887984931
0.514402866363525,0.309681206941605,0.00326549517922103,0.00111142394598573
0.506891429424286,0.301132589578629,0.00323077943176031,0.00105728930793703
0.510261178016663,0.304089337587357,0.00336571363732219,0.00102904485538602
0.511630773544312,0.301037728786469,0.00321108126081526,0.000968081527389586
0.508390665054321,0.29968997836113,0.00331091694533825,0.000945280364248902
0.500821828842163,0.304993271827698,0.0028159199282527,0.00105315609835088
0.513052999973297,0.306862622499466,0.00347572634927928,0.00103685166686773
0.49291718006134,0.292775571346283,0.0029918341897428,0.00111438916064799
0.51756078004837,0.310264855623245,0.00330271362327039,0.00109484186396003
0.492466688156128,0.289369821548462,0.00338710006326437,0.000956138828769326
0.448466420173645,0.257473081350327,0.0037829598877579,0.00116837478708476
0.523770332336426,0.312845945358276,0.00311402790248394,0.0011458657681942
0.567618250846863,0.348220378160477,0.00333341979421675,0.000865221372805536
0.499477863311768,0.301925659179688,0.00308195222169161,0.000879045051988214
0.500992774963379,0.301967322826385,0.00339930178597569,0.000986702973023057
0.507789850234985,0.303102880716324,0.00315840728580952,0.000904368353076279
0.517909407615662,0.312250733375549,0.00355905946344137,0.0009375253575854
0.506322383880615,0.299695909023285,0.00350636383518577,0.000928291643504053
0.507118999958038,0.303194552659988,0.00331851630471647,0.000931945804040879
0.506294369697571,0.306834250688553,0.00335669401101768,0.000950884423218668
0.527498722076416,0.312966853380203,0.00335513823665679,0.000976830022409558
0.503220498561859,0.305310815572739,0.00342109822668135,0.00102024024818093
0.539521098136902,0.3226717710495,0.00333311385475099,0.00106594199314713
0.518368482589722,0.308597058057785,0.00265519018284976,0.000972004432696849
0.508111476898193,0.302520483732224,0.00286278547719121,0.000967986998148263
0.513039350509644,0.305087059736252,0.0032705485355109,0.000838571286294609
0.517949104309082,0.314526349306107,0.00327631901018322,0.000964854436460882
0.492380201816559,0.292473763227463,0.0033036305103451,0.00105323432944715
0.519488215446472,0.312379419803619,0.00290315132588148,0.00105443666689098
0.516914069652557,0.307700037956238,0.00326060364022851,0.000927293149288744
0.526911377906799,0.313779443502426,0.00331480731256306,0.000854805286508054
0.515911936759949,0.314389199018478,0.00346932280808687,0.000962156045716256
0.530895113945007,0.318244189023972,0.00335400272160769,0.000969501386862248
0.540145993232727,0.31507283449173,0.00294589693658054,0.000949872483033687
0.536614894866943,0.328640401363373,0.002826715586707,0.000975347007624805
0.51519650220871,0.3072889149189,0.00313440687023103,0.000942773825954646
0.528314471244812,0.318895697593689,0.0034960494376719,0.000956649775616825
0.53090637922287,0.309547007083893,0.00317220622673631,0.000873747980222106
0.543789863586426,0.319867163896561,0.00294589693658054,0.00123839324805886
0.532080054283142,0.317454695701599,0.00360159855335951,0.000846142647787929
0.509384274482727,0.302772492170334,0.00297943549230695,0.00100874889176339
0.507148861885071,0.30697575211525,0.00286969263106585,0.000943622086197138
0.528775334358215,0.311876207590103,0.00296781142242253,0.000928585941437632
0.543789863586426,0.319867163896561,0.00344634638167918,0.000956635631155223
0.51794695854187,0.311071038246155,0.00320839369669557,0.000921430590096861
0.514229714870453,0.300936371088028,0.00297551578842103,0.000939223973546177
0.505950570106506,0.30387607216835,0.00282991002313793,0.000921702885534614
0.539604008197784,0.325234889984131,0.00345960585400462,0.00107131712138653
0.505938291549683,0.304627031087875,0.00308151356875896,0.000934784475248307
0.52220207452774,0.312213182449341,0.00306757679209113,0.000965498446021229
0.543210446834564,0.32933846116066,0.00327845034189522,0.000851817487273365
0.543517529964447,0.319266527891159,0.00337189575657248,0.000886732363142073
0.530640244483948,0.322755932807922,0.00320261740125716,0.000944317667745054
0.503352046012878,0.302075088024139,0.0033480734564364,0.00109335838351399
0.525311410427094,0.312297165393829,0.00323510565795004,0.000953944865614176
0.527402758598328,0.315821498632431,0.00267318403348327,0.00085892976494506
0.531429469585419,0.324608266353607,0.00333864474669099,0.000976913026534021
0.506715595722198,0.305440664291382,0.00312862684950233,0.000941236561629921
0.521556496620178,0.315519362688065,0.00337109179235995,0.00108963018283248
0.548512876033783,0.320435762405396,0.0033001706469804,0.000978254363872111
0.517892897129059,0.312340289354324,0.00346411135978997,0.000974766095168889
0.544224500656128,0.326875030994415,0.00326774711720645,0.000831705576274544
0.49992248415947,0.298330008983612,0.00341949448920786,0.00100223731715232
0.49950909614563,0.299097537994385,0.00348924449644983,0.000951802590861917
0.516142785549164,0.309629946947098,0.00352389412000775,0.000799724657554179
0.52569168806076,0.315778821706772,0.00289366743527353,0.00088013504864648
0.514335513114929,0.308449745178223,0.00288878451101482,0.00106207258068025
0.521055996417999,0.314524263143539,0.00351429078727961,0.000879363564308733
0.519231379032135,0.304449528455734,0.0036731434520334,0.00102510582655668
0.534958362579346,0.325711309909821,0.0031309393234551,0.00105177005752921
0.505938291549683,0.3013856112957,0.0029629715718329,0.000963815255090594
0.518947124481201,0.31006270647049,0.00309850694611669,0.000933209084905684
0.535133957862854,0.321347057819366,0.00350430817343295,0.000844208989292383
0.505878210067749,0.305274188518524,0.00317646493203938,0.00103996403049678
0.534958362579346,0.325711309909821,0.00330310524441302,0.00106653966940939
0.512410879135132,0.309664934873581,0.00349438400007784,0.000893015472684056
0.499900162220001,0.296981364488602,0.00296188122592866,0.000798943976406008
0.525165915489197,0.315315246582031,0.00318868784233928,0.00102327053900808
0.503219842910767,0.301011145114899,0.002836192259565,0.00100100808776915
0.508897542953491,0.307628661394119,0.00350641738623381,0.000988226849585772
0.503509402275085,0.300655394792557,0.00346046430058777,0.00113038718700409
0.510728418827057,0.304277211427689,0.00328415958210826,0.00101166416425258
0.507119059562683,0.301087200641632,0.00278133084066212,0.00104049150831997
0.522413730621338,0.308534920215607,0.00308555806986988,0.000929559173528105
0.521556556224823,0.311168938875198,0.00326584675349295,0.000922302308026701
0.517114043235779,0.308083862066269,0.00305328425019979,0.000881917192600667
0.540722846984863,0.328241497278214,0.00289434147998691,0.00101388979237527
0.526563465595245,0.319023609161377,0.00364662194624543,0.000916965364012867
0.50812965631485,0.308721482753754,0.00333687174133956,0.000735687790438533
0.519683241844177,0.308602631092072,0.00326929381117225,0.000990048050880432
0.524263620376587,0.312731176614761,0.00331164035014808,0.00109920836985111
0.543789863586426,0.319867163896561,0.00294589693658054,0.000985213438980281
0.522861242294312,0.310659170150757,0.00260249152779579,0.000893106975127012
0.505938291549683,0.3013856112957,0.00308151356875896,0.00108267890755087
0.527252554893494,0.315401196479797,0.00310131558217108,0.000934753275942057
0.507118821144104,0.302474856376648,0.00325450301170349,0.000909450754988939
0.491492569446564,0.290555685758591,0.0032016250770539,0.000926170323509723
0.509899735450745,0.309212028980255,0.00319518847391009,0.00102124910335988
0.499888300895691,0.299213230609894,0.00303832185454667,0.000840338179841638
0.497260481119156,0.29728102684021,0.0033720915671438,0.001021993230097
0.535994112491608,0.321558922529221,0.00281796953640878,0.000989688094705343
0.517672538757324,0.308594405651093,0.00314366212114692,0.00102127541322261
0.517947196960449,0.312543988227844,0.00312507036142051,0.000929616333451122
0.532676517963409,0.316814541816711,0.00340811256319284,0.00102228985633701
0.527769207954407,0.31996938586235,0.00319744367152452,0.00110785325523466
0.528919816017151,0.315574407577515,0.00312142726033926,0.00105051614809781
0.535888135433197,0.320017993450165,0.00313073210418224,0.0010474540758878
0.507118940353394,0.307381212711334,0.00294815888628364,0.000924680847674608
0.523138225078583,0.314789593219757,0.00320373056456447,0.000840846623759717
0.502997040748596,0.301869779825211,0.00302311289124191,0.000962634454481304
0.514337778091431,0.308124661445618,0.00345700839534402,0.000865539768710732
0.517979383468628,0.311549067497253,0.00347152817994356,0.000949973473325372
0.522808730602264,0.311745136976242,0.00358417420648038,0.00102778756991029
0.526542782783508,0.316654086112976,0.0027339463122189,0.00109508296009153
0.499900162220001,0.301464110612869,0.0030025327578187,0.000990453874692321
0.539603352546692,0.323754191398621,0.00367598375305533,0.000889151415321976
0.515911936759949,0.314389199018478,0.00298696919344366,0.000948976085055619
0.507743120193481,0.301925539970398,0.00336495111696422,0.000972276844549924
0.514155745506287,0.307161271572113,0.00301511911675334,0.00103810848668218
0.540145993232727,0.319867163896561,0.00294589693658054,0.00101680483203381
0.511977732181549,0.303264319896698,0.00319574098102748,0.000963171478360891
0.512093245983124,0.304779917001724,0.00321043934673071,0.000927649030927569
0.503219842910767,0.297380536794662,0.0029626484028995,0.000882128661032766
0.502352118492126,0.297066122293472,0.00276192324236035,0.00106203299947083
0.499772489070892,0.298842012882233,0.00334358331747353,0.00085976580157876
0.507993817329407,0.308602720499039,0.00326574733480811,0.00119259348139167
0.517947196960449,0.308605849742889,0.00299457763321698,0.00099980749655515
0.495746552944183,0.298336625099182,0.00275563495233655,0.000933241914026439
0.505938291549683,0.304627031087875,0.002826715586707,0.000956137431785464
0.540947020053864,0.326972544193268,0.0035185506567359,0.000961590383667499
0.520654797554016,0.307957410812378,0.00345900491811335,0.00117184035480022
0.508148789405823,0.305992603302002,0.00323342136107385,0.000894380267709494
0.513039410114288,0.310095369815826,0.00302241044119,0.000954398652538657
0.517388641834259,0.305391877889633,0.00334578868933022,0.000935273768845946
0.542719066143036,0.319535255432129,0.00326897483319044,0.00110564799979329
0.528598546981812,0.319749444723129,0.00345650315284729,0.000916652090381831
0.520082712173462,0.311114192008972,0.00331456284038723,0.000885446323081851
0.522950172424316,0.309523850679398,0.00305682606995106,0.00103924318682402
0.532685101032257,0.31853461265564,0.00320070469751954,0.000831657205708325
0.521831274032593,0.311458170413971,0.00323427887633443,0.000998792587779462
0.509826004505157,0.303086996078491,0.00364585663191974,0.00107896758709103
0.515447854995728,0.309863775968552,0.00292145274579525,0.000845284899696708
0.51825737953186,0.315686643123627,0.0036492645740509,0.000957675278186798
0.523803293704987,0.312046676874161,0.00318634021095932,0.00105447694659233
0.513039350509644,0.310665965080261,0.00306558539159596,0.000924098829273134
0.503826320171356,0.301383882761002,0.00281180790625513,0.00091685086954385
0.496290773153305,0.296746522188187,0.00315164495259523,0.000902766769286245
0.520658731460571,0.313112080097198,0.00346553139388561,0.000899244914762676
0.521124362945557,0.310351312160492,0.00328056258149445,0.00103916635271162
0.517608761787415,0.312329262495041,0.00327137694694102,0.000997141236439347
0.52335649728775,0.314520955085754,0.00329571194015443,0.00100851431488991
0.532505333423615,0.318993091583252,0.00308849615976214,0.000930296315345913
0.51573920249939,0.310027986764908,0.00321694160811603,0.000849488598760217
0.537588000297546,0.322744637727737,0.00309586152434349,0.000964835577178746
0.498563468456268,0.294054627418518,0.00335236662067473,0.000921517494134605
0.525417864322662,0.310347139835358,0.00342137506231666,0.000982511090114713
0.551232874393463,0.335408180952072,0.0030725363176316,0.00100684119388461
0.530978918075562,0.315369635820389,0.00289525650441647,0.000980631331913173
0.543335556983948,0.326469331979752,0.00380272069014609,0.000930742418859154
0.500091075897217,0.299845278263092,0.00313203665427864,0.0010847324738279
0.499822676181793,0.298737764358521,0.0029613496735692,0.00100087933242321
0.489043861627579,0.294165104627609,0.00324286473914981,0.000834150356240571
0.517405986785889,0.308817505836487,0.00331243011169136,0.000969778222497553
0.486026704311371,0.292627155780792,0.00379597605206072,0.00094002514379099
0.525630235671997,0.316448628902435,0.00329901301302016,0.00102958944626153
0.511630773544312,0.304984837770462,0.00330086844041944,0.00101841019932181
0.497368633747101,0.293500989675522,0.0032935303170234,0.00106801523361355
0.515740156173706,0.309776842594147,0.00355978310108185,0.00103431625757366
0.548784255981445,0.318557500839233,0.00361142982728779,0.00102270010393113
0.493253409862518,0.29289036989212,0.00318048102781177,0.00111248635221273
0.515236616134644,0.309098720550537,0.00331572280265391,0.00105955079197884
0.526158928871155,0.313608884811401,0.00329175754450262,0.000975976639892906
0.488492578268051,0.290129542350769,0.00311888568103313,0.000985813210718334
0.551232874393463,0.335408180952072,0.0030725363176316,0.0010779945878312
0.517947018146515,0.307885229587555,0.00323469750583172,0.000882262829691172
0.532479286193848,0.327937036752701,0.00348633108660579,0.00106686353683472
0.514068126678467,0.305027455091476,0.00316951470449567,0.00100908929016441
0.513037502765656,0.30797404050827,0.003476353129372,0.000981400487944484
0.52402138710022,0.314624041318893,0.00280756549909711,0.00107919797301292
0.503219842910767,0.303738117218018,0.00314337178133428,0.000956660718657076
0.517948985099792,0.305833369493484,0.00334895798005164,0.000882891239598393
0.499900221824646,0.30166307091713,0.00353308604098856,0.00106153753586113
0.517948985099792,0.310167074203491,0.00331222196109593,0.000945290783420205
0.520271182060242,0.312218248844147,0.00336898840032518,0.00101367477327585
0.516471028327942,0.307197213172913,0.00309859705157578,0.00101707002613693
0.509825944900513,0.306318998336792,0.00310457148589194,0.000883608590811491
0.515105485916138,0.308257967233658,0.00366907217539847,0.00107305543497205
0.529282987117767,0.319422453641891,0.00379975000396371,0.000941560894716531
0.513796985149384,0.303994357585907,0.00324873509816825,0.00102237600367516
0.496174931526184,0.291456967592239,0.00336913764476776,0.00099728861823678
0.507208943367004,0.302590250968933,0.00287911598570645,0.00101938564330339
0.499563694000244,0.290692895650864,0.00333865592256188,0.00101017206907272
0.530132055282593,0.321119517087936,0.00320086139254272,0.00102422886993736
0.522945165634155,0.309253960847855,0.00360678136348724,0.000878740102052689
0.5218106508255,0.316585451364517,0.00353700504638255,0.0010203632991761
0.52024918794632,0.310901373624802,0.00337986834347248,0.00101693626493216
0.51164835691452,0.301359862089157,0.00331725901924074,0.00103498541284353
0.513435840606689,0.303360253572464,0.00308953621424735,0.0011370456777513
0.503221273422241,0.305985122919083,0.0032561223488301,0.000989219290204346
0.499489337205887,0.299650311470032,0.00340282963588834,0.00098504195921123
0.511654257774353,0.31020924448967,0.00311962375417352,0.000977160292677581
0.522027313709259,0.311461269855499,0.00293969269841909,0.00102494959719479
0.535994112491608,0.318288534879684,0.00312822312116623,0.00105255993548781
0.524450957775116,0.314142048358917,0.00341033609583974,0.00100075860973448
0.502227663993835,0.304993659257889,0.0032834077719599,0.00101503124460578
0.485440909862518,0.287298887968063,0.00362734799273312,0.000935097283218056
0.514462471008301,0.30720254778862,0.00342799071222544,0.000952534610405564
0.511787950992584,0.307215005159378,0.00320359040051699,0.00109832966700196
0.523370206356049,0.312922537326813,0.00296275154687464,0.00111503468360752
0.535864114761353,0.323449343442917,0.00284377741627395,0.00103957706596702
0.513784408569336,0.311252504587173,0.00303340866230428,0.000960531353484839
0.505467057228088,0.305091768503189,0.00372377433814108,0.0011218375293538
0.491710752248764,0.292105317115784,0.00325450929813087,0.00100102869328111
0.498894482851028,0.294209539890289,0.00295332632958889,0.000834721082355827
0.515534043312073,0.308602303266525,0.00306304101832211,0.00106444454286247
0.51794308423996,0.304656714200974,0.00279727298766375,0.000978770200163126
0.537588119506836,0.319273799657822,0.0036749008577317,0.0010163988918066
0.527768552303314,0.31415382027626,0.00295838597230613,0.00101624429225922
0.500309467315674,0.297502547502518,0.00284862075932324,0.00104136567097157
0.506342589855194,0.297553867101669,0.00307796685956419,0.000950943329371512
0.496216893196106,0.297128319740295,0.00345826242119074,0.000949556997511536
0.497333168983459,0.298547625541687,0.00362262385897338,0.000863780849613249
0.502694725990295,0.301136881113052,0.0029130142647773,0.000889420160092413
0.499674022197723,0.297058284282684,0.00322660920210183,0.0010426816297695
0.504722893238068,0.30238550901413,0.00313980155624449,0.00101117778103799
0.538167893886566,0.32282692193985,0.00272083142772317,0.00102224061265588
0.503509640693665,0.303375542163849,0.00347031373530626,0.00104535510763526
0.509963274002075,0.300118744373322,0.0033177153673023,0.00108519720379263
0.517947018146515,0.309784531593323,0.00310417404398322,0.000984647311270237
0.503473997116089,0.303230792284012,0.00321403169073164,0.0010592679027468
0.499888360500336,0.298121869564056,0.00306733162142336,0.00105745671316981
0.52225935459137,0.311879813671112,0.00316083058714867,0.000991784036159515
0.514037430286407,0.306708097457886,0.00302665866911411,0.00102555006742477
0.521556615829468,0.313613772392273,0.00312505103647709,0.00101422949228436
0.510716021060944,0.298904538154602,0.00293422350659966,0.000929872505366802
0.498762786388397,0.298305094242096,0.0035053959582001,0.000851464807055891
0.503515601158142,0.304875731468201,0.00313604739494622,0.00103879149537534
0.501618921756744,0.30451101064682,0.00309971091337502,0.000901186023838818
0.521556079387665,0.315475523471832,0.00345450127497315,0.00102549395523965
0.501397550106049,0.298894822597504,0.0030243955552578,0.00112367339897901
0.526902854442596,0.317561715841293,0.00311527191661298,0.00111493479926139
0.532384753227234,0.321489274501801,0.00311777973547578,0.000941303791478276
0.527767658233643,0.316688448190689,0.00278378743678331,0.00107382540591061
0.495960503816605,0.29452320933342,0.00289760110899806,0.000953452137764543
0.520445942878723,0.313759207725525,0.00319974636659026,0.00100198993459344
0.515911936759949,0.314389199018478,0.00320106721483171,0.000921170634683222
0.516476035118103,0.308182567358017,0.00331826182082295,0.00156120385508984
0.508008003234863,0.307291030883789,0.00315617490559816,0.000962808902841061
0.515902519226074,0.307652443647385,0.00297019630670547,0.000984092243015766
0.509729743003845,0.3059421479702,0.00315763149410486,0.000868756149429828
0.488490283489227,0.295631229877472,0.00314859603531659,0.000916890625376254
0.507118940353394,0.306708157062531,0.0027955446857959,0.0013126494595781
0.509344339370728,0.30317622423172,0.00380806159228086,0.000986818689852953
0.50943511724472,0.305627554655075,0.00287199602462351,0.00119915301911533
0.508091568946838,0.302665501832962,0.00317415362223983,0.000863978464622051
0.534958362579346,0.325711309909821,0.0031309393234551,0.00106230727396905
0.528775334358215,0.318113774061203,0.00311459274962544,0.000954822229687124
0.513482928276062,0.30828532576561,0.00335459993220866,0.000877689861226827
0.507383286952972,0.299905389547348,0.00356997060589492,0.000957506417762488
0.521556556224823,0.310674846172333,0.00314227514900267,0.000975885952357203
0.51013857126236,0.302927106618881,0.0033021429553628,0.000976382289081812
0.500540792942047,0.297368466854095,0.0029409232083708,0.000895722303539515
0.510728359222412,0.305081188678741,0.00314185163006186,0.00100714201107621
0.502754986286163,0.297778248786926,0.00369834154844284,0.00103942886926234
0.525165915489197,0.313781052827835,0.00314500345848501,0.000883348810020834
0.48650461435318,0.289637506008148,0.00326789822429419,0.00101373961661011
0.524855077266693,0.32143896818161,0.00359296565875411,0.000971486617345363
0.521556496620178,0.312772393226624,0.00356975337490439,0.000884027744177729
0.527768552303314,0.315000027418137,0.00336624076589942,0.000896354380529374
0.515911936759949,0.314389199018478,0.00319752143695951,0.000994710018858314
0.506574988365173,0.29777467250824,0.00321775488555431,0.000839068263303488
0.500397682189941,0.303650349378586,0.00319245015271008,0.000987254665233195
0.535073697566986,0.320018291473389,0.00309872813522816,0.00101823394652456
0.521556556224823,0.313414692878723,0.00337886763736606,0.000967161497101188
0.522858738899231,0.315916508436203,0.00300624896772206,0.00109779951162636
0.51794707775116,0.304764896631241,0.00317150866612792,0.000882555090356618
0.524104595184326,0.313507437705994,0.00355548155494034,0.00104355113580823
0.528004765510559,0.323603361845016,0.0036375520285219,0.000840667518787086
0.513036847114563,0.311359107494354,0.003482511267066,0.000994770671240985
0.499906986951828,0.302997350692749,0.00309167103841901,0.000890282448381186
0.516074597835541,0.303346484899521,0.00337248970754445,0.00103832967579365
0.543789863586426,0.319867163896561,0.00344634638167918,0.00101566617377102
0.517949104309082,0.307976722717285,0.00339087331667542,0.00101634988095611
0.507119059562683,0.301927596330643,0.00341862556524575,0.000913598050829023
0.541301131248474,0.320229053497314,0.00362062943167984,0.000943153572734445
0.516471028327942,0.307197213172913,0.00318479770794511,0.000994513393379748
0.489551544189453,0.288051813840866,0.00355910859070718,0.000994692440144718
0.517962217330933,0.311060220003128,0.00337446993216872,0.00101060012821108
0.50320428609848,0.298619508743286,0.00341884675435722,0.000938399753067642
0.510313391685486,0.305078566074371,0.00303949066437781,0.00104095821734518
0.508024215698242,0.30816251039505,0.00324858957901597,0.00101708457805216
0.516628921031952,0.308594763278961,0.00320900767110288,0.00096386531367898
0.540172338485718,0.320021748542786,0.00331658171489835,0.000989333842881024
0.491896897554398,0.29342657327652,0.00353129045106471,0.000895046279765666
0.517950534820557,0.311332285404205,0.0029352477286011,0.000890967552550137
0.529334187507629,0.319005459547043,0.00297149061225355,0.000966377730946988
0.55879545211792,0.337991714477539,0.00306691089645028,0.00107649504207075
0.547016859054565,0.335773795843124,0.00344949634745717,0.00100366130936891
0.534958362579346,0.325711309909821,0.00330310524441302,0.000858294195495546
0.506202697753906,0.304416298866272,0.00278932973742485,0.00100425467826426
0.549529314041138,0.328810214996338,0.00312756793573499,0.00103225687053055
0.508206784725189,0.303192615509033,0.00310420943424106,0.00100798241328448
0.520425200462341,0.315754145383835,0.00323858833871782,0.00096812954870984
0.543212831020355,0.322018265724182,0.00334240566007793,0.000969995919149369
0.534958362579346,0.325711309909821,0.0031309393234551,0.0011167413322255
0.52271032333374,0.31147974729538,0.00299525074660778,0.000984364771284163
0.491307944059372,0.291727304458618,0.00334664061665535,0.000964498554822057
0.516747951507568,0.309771537780762,0.00338059873320162,0.000963982485700399
0.499083787202835,0.30176842212677,0.00386593025177717,0.000971013505477458
0.511653661727905,0.308602750301361,0.00397149566560984,0.000949857523664832
0.477119922637939,0.28125011920929,0.00340641452930868,0.000962245976552367
0.551366806030273,0.324796468019485,0.00336786452680826,0.000903126143384725
0.537767708301544,0.326721489429474,0.00309338932856917,0.00107614207081497
0.510234475135803,0.301955044269562,0.00314507819712162,0.000998516567051411
0.510728418827057,0.304905235767365,0.00343516003340483,0.00104963942430913
0.509384274482727,0.308527499437332,0.00300219678319991,0.000927505316212773
0.503220438957214,0.299748063087463,0.00351069262251258,0.00092707306612283
0.525315701961517,0.316720277070999,0.00301460362970829,0.000991164008155465
0.517144501209259,0.303395330905914,0.00354646076448262,0.000939544581342489
0.494223654270172,0.293828099966049,0.00314333429560065,0.000862439686898142
0.506929278373718,0.302931517362595,0.00363539904356003,0.00102028110995889
0.52547824382782,0.314106941223145,0.00316868931986392,0.00104697793722153
0.518621444702148,0.312626928091049,0.00306393788196146,0.000878899300005287
0.507647752761841,0.29905366897583,0.00325981061905622,0.000922247767448425
0.503013074398041,0.301019102334976,0.00360839208588004,0.00120224058628082
0.508217930793762,0.309274941682816,0.00369715015403926,0.000922456558328122
0.508678078651428,0.308750689029694,0.00311968615278602,0.000985290389508009
0.538713574409485,0.329202115535736,0.00278366403654218,0.00104096857830882
0.522858798503876,0.308166712522507,0.00297928671352565,0.00105883390642703
0.512044370174408,0.303813129663467,0.00346334627829492,0.000949069275520742
0.541501045227051,0.32360452413559,0.00323069328442216,0.00100869033485651
0.527359783649445,0.310275703668594,0.00350572797469795,0.00107439409475774
0.532396733760834,0.314359962940216,0.00325693492777646,0.00105831783730537
0.50713586807251,0.300625801086426,0.00335215125232935,0.000883490254636854
0.511738836765289,0.307354986667633,0.0030552560929209,0.00101372308563441
0.522458910942078,0.314927130937576,0.00338481296785176,0.00112060212995857
0.512468338012695,0.303305476903915,0.00293020531535149,0.0010013961000368
0.510631859302521,0.304996728897095,0.00332909380085766,0.00109725759830326
0.512410879135132,0.314389199018478,0.00298696919344366,0.000925204600207508
0.513879895210266,0.309335291385651,0.00337314000353217,0.000750553386751562
0.511713743209839,0.312863439321518,0.00313485320657492,0.001095041166991
0.525734543800354,0.319431364536285,0.00313503085635602,0.000862446730025113
0.537575840950012,0.32431036233902,0.00308747007511556,0.000977605115622282
0.51304042339325,0.305859923362732,0.00357125047594309,0.00103955622762442
0.521556615829468,0.307864189147949,0.00325035792775452,0.000895564851816744
0.50796365737915,0.301472067832947,0.00299027189612389,0.000985744060017169
0.517946422100067,0.308348834514618,0.00344581832177937,0.000954974733758718
0.493399798870087,0.297715246677399,0.00334201124496758,0.00104929530061781
