"V1","V2","V3","V4","V5","V6","V7","V8","V9"
158,159,58,97,62,30,86,49,123
140,157,56,62,83,162,139,39,118
154,19,172,176,68,175,156,27,23
163,85,43,26,160,13,135,22,34
53,79,158,7,133,134,160,141,48
7,129,32,117,167,41,29,154,173
21,58,4,166,130,126,8,110,141
99,44,142,161,41,87,158,93,151
47,34,147,164,151,78,7,68,104
78,124,61,96,176,66,30,164,131
175,157,11,88,52,86,161,150,21
124,15,74,115,118,141,147,41,122
107,33,93,66,26,154,138,139,158
106,174,93,104,154,103,147,113,27
38,20,13,85,142,62,5,144,43
25,120,11,76,21,124,51,20,118
37,144,119,153,18,94,72,85,40
118,158,30,12,77,31,131,74,51
70,133,169,28,27,49,90,157,116
12,18,122,96,134,125,8,150,95
90,127,153,77,66,137,17,119,58
14,2,71,114,91,15,42,60,142
88,22,103,38,39,169,50,134,12
162,82,161,81,98,143,31,123,91
158,148,11,155,78,82,98,131,19
40,26,94,157,71,122,116,144,152
70,68,157,37,91,128,106,58,133
170,180,43,142,178,79,50,124,35
39,125,20,66,118,60,62,124,30
67,43,170,42,102,34,100,115,105
30,97,103,180,96,157,91,128,88
177,50,59,99,4,176,46,173,89
89,17,62,117,76,39,75,85,84
83,55,40,35,70,76,177,71,171
93,69,91,4,76,101,128,63,162
147,29,48,155,10,101,53,88,141
134,102,54,99,48,41,109,129,97
32,37,137,174,30,100,171,77,90
41,26,60,54,160,155,146,97,153
176,139,56,83,63,108,165,177,175
82,109,43,141,67,165,150,85,40
168,19,2,69,72,38,146,47,145
44,33,164,60,74,37,110,71,51
40,85,56,65,151,82,103,111,75
23,159,86,110,138,180,63,111,147
36,94,120,54,172,118,140,121,160
88,16,153,2,106,171,36,47,179
130,48,123,79,176,30,51,120,82
131,115,174,111,9,93,153,76,150
108,103,135,73,53,98,56,42,87
169,42,152,18,124,156,95,89,123
23,26,102,9,151,137,162,143,175
65,159,158,117,140,66,124,17,7
75,114,26,89,125,180,33,100,36
44,53,155,143,112,39,76,64,158
76,24,10,131,54,99,75,176,71
21,87,64,91,160,78,31,16,73
178,59,77,94,100,108,23,13,155
151,44,172,117,57,10,67,36,15
139,62,131,89,176,33,43,10,98
58,13,99,140,124,114,45,178,157
43,180,137,12,16,97,77,17,41
121,90,93,115,101,24,50,71,158
35,174,14,89,10,78,38,126,139
37,83,166,106,47,25,36,22,131
166,129,89,43,18,174,127,73,121
122,139,61,86,59,60,180,99,123
105,20,116,43,127,171,63,144,89
129,59,86,171,173,27,50,71,90
13,64,161,33,118,96,3,35,99
155,75,5,129,6,89,145,164,15
172,145,42,92,107,61,111,126,176
109,8,47,104,162,144,98,82,10
96,20,149,83,52,95,163,141,129
86,59,113,108,60,29,170,77,96
166,69,163,33,112,48,23,79,20
43,33,58,17,126,48,56,147,113
129,27,143,159,175,126,19,22,95
140,171,35,88,124,109,158,87,130
67,54,5,72,76,152,123,104,30
154,69,31,3,54,38,156,158,89
15,165,91,78,36,106,95,152,118
57,17,106,32,86,112,80,30,164
12,115,77,146,112,96,91,57,118
179,159,42,173,55,121,50,88,47
140,158,78,131,6,95,50,16,115
178,50,26,28,15,114,131,162,136
124,121,76,49,93,18,81,180,157
55,66,75,16,132,108,71,110,152
65,78,59,42,107,3,13,122,28
26,19,90,174,92,27,158,166,141
5,177,84,67,10,106,72,32,43
35,49,52,170,105,134,118,111,42
16,43,58,19,160,28,25,89,152
179,104,3,24,97,73,114,130,40
93,134,81,41,43,174,89,13,119
84,90,40,144,38,27,133,163,85
99,110,93,16,141,179,52,136,79
100,167,11,124,4,139,141,164,144
47,41,148,152,96,123,32,64,13
