"V1","V2","V3","V4"
145,42,149,69
153,101,139,123
159,158,147,123
14,2,90,88
72,124,50,59
49,172,5,89
77,164,53,104
51,114,117,167
42,169,144,167
60,151,47,49
88,160,80,59
57,131,76,77
5,170,108,128
160,69,32,167
176,83,24,19
167,170,52,149
47,171,165,13
39,116,124,14
6,40,149,87
120,21,78,173
149,170,50,112
127,73,3,100
119,162,9,115
98,83,27,69
104,164,98,80
51,102,86,161
85,22,98,15
86,152,91,47
129,130,164,141
40,59,16,151
103,180,125,47
147,107,168,165
82,153,77,174
69,149,49,36
62,174,129,130
5,155,106,71
49,57,119,129
55,37,28,109
73,138,62,126
164,8,7,152
2,89,141,17
139,13,135,92
175,21,16,4
61,51,7,174
20,58,54,25
99,143,157,98
98,101,19,27
7,57,99,74
97,10,153,84
151,50,15,55
82,166,46,129
175,170,160,76
160,112,75,23
100,176,143,139
53,11,145,74
127,95,122,166
81,19,31,160
139,75,43,14
111,136,170,10
15,146,148,137
64,151,76,155
64,145,57,149
135,56,64,137
69,169,143,176
101,179,123,149
133,154,61,122
132,62,171,88
131,137,176,160
54,175,27,19
141,125,42,80
169,145,33,103
36,20,147,48
77,73,47,12
3,48,149,52
97,166,140,10
83,108,52,117
138,9,50,173
14,29,168,145
63,4,118,64
155,161,34,54
160,84,66,93
85,48,162,163
10,133,169,175
55,154,141,176
32,150,85,108
160,23,3,169
50,49,87,67
8,72,98,53
15,39,180,102
57,116,136,110
168,121,68,142
129,151,8,130
58,173,116,80
179,150,131,93
145,20,71,68
24,179,70,5
111,120,164,9
147,146,143,91
141,155,73,27
32,27,48,57
