"missing_points","mean","max","min","Estimator","diff","par"
1,0.999,1.02444982921104,0.975810915724993,"LSE",0.048638913486048,"alpha"
2,0.996510869956591,1.02655292306402,0.975893589987124,"LSE",0.0506593330768987,"alpha"
3,0.998814183499767,1.03090647071179,0.980120730240162,"LSE",0.0507857404716311,"alpha"
4,0.998602923804942,1.03732589957461,0.97281717553675,"LSE",0.0645087240378631,"alpha"
5,0.995219672186538,1.02850365498531,0.965802892700788,"LSE",0.0627007622845249,"alpha"
6,1.00195254057123,1.04939081087171,0.971488415495141,"LSE",0.0779023953765718,"alpha"
7,1.00098546021788,1.02770826986546,0.967213845174705,"LSE",0.0604944246907581,"alpha"
8,0.998862112990897,1.02713418330143,0.952459230631559,"LSE",0.074674952669874,"alpha"
9,0.991821760034704,1.02975566729105,0.966270504887958,"LSE",0.063485162403095,"alpha"
10,0.998808747200676,1.02468315517964,0.965628338770595,"LSE",0.0590548164090489,"alpha"
11,0.994690564169686,1.039042910686,0.962418149856889,"LSE",0.076624760829114,"alpha"
12,0.998124790314425,1.02668999443251,0.976311729179364,"LSE",0.050378265253149,"alpha"
13,1.00046869721176,1.04613291321376,0.967914886579883,"LSE",0.07821802663388,"alpha"
14,0.997721253794186,1.03712658524119,0.967706396917643,"LSE",0.0694201883235501,"alpha"
15,0.997747983991465,1.03817261487132,0.958311937096217,"LSE",0.0798606777751062,"alpha"
16,0.998196288722813,1.04890377261391,0.965284742997099,"LSE",0.0836190296168141,"alpha"
17,1.00080855220613,1.04983961297125,0.960804891388985,"LSE",0.0890347215822679,"alpha"
18,0.995774115469366,1.06396287495926,0.959678755823349,"LSE",0.104284119135914,"alpha"
19,0.997606797318518,1.05646443303939,0.95990373532442,"LSE",0.096560697714973,"alpha"
20,1.00064180324118,1.07463786084599,0.96858522308837,"LSE",0.106052637757623,"alpha"
21,0.992262404093356,1.05959528707322,0.955553659444574,"LSE",0.104041627628649,"alpha"
22,0.991577495184273,1.04149545778893,0.950345306800053,"LSE",0.0911501509888799,"alpha"
23,0.99459332038751,1.088123246068,0.936468578092548,"LSE",0.151654667975455,"alpha"
24,0.997491079631176,1.05586413792287,0.958184925111908,"LSE",0.0976792128109649,"alpha"
25,0.993031823126869,1.07030923150358,0.953372853604284,"LSE",0.116936377899299,"alpha"
26,0.994415121389686,1.06315335003309,0.946699787577282,"LSE",0.116453562455811,"alpha"
27,0.997071000883592,1.04005997429018,0.942979178239548,"LSE",0.0970807960506351,"alpha"
28,0.997865913231725,1.07983521383586,0.961795133554352,"LSE",0.118040080281511,"alpha"
29,0.994215840535159,1.05050901117582,0.943401010265266,"LSE",0.107108000910557,"alpha"
30,1.00223123641885,1.10153631193204,0.94043699945537,"LSE",0.161099312476673,"alpha"
1,0.97233345156711,0.980562378640344,0.96589595,"MLE",0.0146664286403441,"alpha"
2,0.972045325113526,0.987265878119301,0.963100507327156,"MLE",0.024165370792145,"alpha"
3,0.972031238011455,0.984063201624972,0.963484533784704,"MLE",0.020578667840268,"alpha"
4,0.972672216074928,0.993271529011203,0.964780425781968,"MLE",0.028491103229235,"alpha"
5,0.971963421786381,0.987475561330662,0.959969322749983,"MLE",0.027506238580679,"alpha"
6,0.972381374323426,0.99210346826376,0.960792196155147,"MLE",0.031311272108613,"alpha"
7,0.972777407858506,0.991717057613427,0.961229223078228,"MLE",0.030487834535199,"alpha"
8,0.974110022521818,0.987566219556848,0.960446645506223,"MLE",0.0271195740506249,"alpha"
9,0.975785096377594,0.991669311067839,0.961173182663595,"MLE",0.030496128404244,"alpha"
10,0.97561636687678,0.99054054,0.960099066157586,"MLE",0.030441473842414,"alpha"
11,0.976201795222693,0.993056460190303,0.964363728942089,"MLE",0.028692731248214,"alpha"
12,0.972120604506707,1.00482287872301,0.955710707495798,"MLE",0.049112171227212,"alpha"
13,0.975212362953554,1.00118610312342,0.959271658414577,"MLE",0.041914444708843,"alpha"
14,0.975330490788614,0.999372483272934,0.955790313354041,"MLE",0.0435821699188931,"alpha"
15,0.97650248941018,1.00959376167063,0.951893072868051,"MLE",0.0577006888025791,"alpha"
16,0.976062003847522,1.00635892236182,0.948022550656107,"MLE",0.0583363717057129,"alpha"
17,0.975470790930985,0.993693084962052,0.957586910393406,"MLE",0.036106174568646,"alpha"
18,0.97534494517563,1.00792140959082,0.955067037318138,"MLE",0.052854372272682,"alpha"
19,0.976728139632594,0.995996594579588,0.951807557570567,"MLE",0.044189037009021,"alpha"
20,0.974015611688349,1.00380480034274,0.950779442257232,"MLE",0.053025358085508,"alpha"
21,0.974827100519981,0.993393691076596,0.951979233927584,"MLE",0.041414457149012,"alpha"
22,0.976812376780496,1.0022179050635,0.948865807503029,"MLE",0.0533520975604711,"alpha"
23,0.973142260002555,0.998538693185604,0.947538153877402,"MLE",0.0510005393082019,"alpha"
24,0.976216591599702,1.01765018214523,0.946415540424057,"MLE",0.071234641721173,"alpha"
25,0.974783086966037,1.00296544939031,0.940097301042963,"MLE",0.062868148347347,"alpha"
26,0.976535673581282,1.00067335266724,0.943821136927392,"MLE",0.056852215739848,"alpha"
27,0.973991934220548,1.01501060207323,0.946805186204348,"MLE",0.068205415868882,"alpha"
28,0.975679610577546,1.00576957960044,0.946253536191928,"MLE",0.059516043408512,"alpha"
29,0.980253670220074,1.00775713125529,0.934491023689754,"MLE",0.073266107565536,"alpha"
30,0.976155113157109,1.00379991084732,0.936884607387514,"MLE",0.0669153034598059,"alpha"
1,0.869,0.888908422218222,0.8510101813732,"LSE",0.0378982408450219,"beta"
2,0.867066783448519,0.89082249599824,0.850653262141003,"LSE",0.040169233857237,"beta"
3,0.86886747839455,0.89417541838094,0.85440492701695,"LSE",0.03977049136399,"beta"
4,0.86867290769076,0.899625240953763,0.848013743283037,"LSE",0.051611497670726,"beta"
5,0.866049461233084,0.892687052084343,0.843398918694874,"LSE",0.049288133389469,"beta"
6,0.871197279862646,0.908283390808164,0.846854138210285,"LSE",0.061429252597879,"beta"
7,0.870492346436654,0.891956400035606,0.843536651462766,"LSE",0.04841974857284,"beta"
8,0.868811748709343,0.891493026815831,0.832525888944522,"LSE",0.0589671378713089,"beta"
9,0.863266934589867,0.893917117276838,0.842336123709281,"LSE",0.051580993567557,"beta"
10,0.868802678103905,0.891451211939804,0.842983028072069,"LSE",0.048468183867735,"beta"
11,0.865266182662545,0.901213799156017,0.83921520287146,"LSE",0.061998596284557,"beta"
12,0.868314458114076,0.891417251042686,0.850233587513972,"LSE",0.0411836635287139,"beta"
13,0.870001406498273,0.908264507494215,0.844837306181245,"LSE",0.0634272013129701,"beta"
14,0.867939005139918,0.899895757926227,0.843596058967064,"LSE",0.056299698959163,"beta"
15,0.868107879958621,0.902015236855641,0.83692854653089,"LSE",0.065086690324751,"beta"
16,0.868366788001154,0.908776224809163,0.841076534226933,"LSE",0.06769969058223,"beta"
17,0.87049793625561,0.909709096578814,0.838212270907362,"LSE",0.071496825671452,"beta"
18,0.866291872797331,0.921409703408625,0.836501224755036,"LSE",0.0849084786535891,"beta"
19,0.867613244213623,0.915425531589136,0.834690287901548,"LSE",0.080735243687588,"beta"
20,0.870263109075629,0.929926912415859,0.843804109703646,"LSE",0.086122802712213,"beta"
21,0.863505617749419,0.917785174540576,0.833664554536214,"LSE",0.084120620004362,"beta"
22,0.862792604412185,0.904135656321088,0.829242627530912,"LSE",0.074893028790176,"beta"
23,0.865323949054083,0.941116636171444,0.818312643937813,"LSE",0.122803992233631,"beta"
24,0.867291970420445,0.915265936774354,0.83677152296699,"LSE",0.078494413807364,"beta"
25,0.863996721523661,0.92615081638719,0.831595502730035,"LSE",0.094555313657155,"beta"
26,0.865003517397032,0.921288143368877,0.827399617273365,"LSE",0.093888526095512,"beta"
27,0.86737048452197,0.902750851803923,0.82243552905438,"LSE",0.080315322749543,"beta"
28,0.86814707997631,0.93665033513515,0.84027635214404,"LSE",0.09637398299111,"beta"
29,0.86468500306029,0.911058705487385,0.824666452434513,"LSE",0.086392253052872,"beta"
30,0.871389125239479,0.951543020748648,0.822425077041866,"LSE",0.129117943706782,"beta"
1,0.838159263053601,0.844016209798075,0.833304088579819,"MLE",0.0107121212182557,"beta"
2,0.838026736164441,0.848544017411882,0.831093927568831,"MLE",0.0174500898430504,"beta"
3,0.838045670072981,0.847040709607564,0.831204942331698,"MLE",0.0158357672758657,"beta"
4,0.838292919342796,0.853212121604735,0.832221730386617,"MLE",0.020990391218118,"beta"
5,0.837994680339823,0.849013328216833,0.828625853427772,"MLE",0.0203874747890611,"beta"
6,0.838261250710036,0.852916330052284,0.829602429775145,"MLE",0.0233139002771391,"beta"
7,0.838538332472995,0.853493257228951,0.828735741036047,"MLE",0.0247575161929043,"beta"
8,0.839237157524839,0.849212916758481,0.828502381631975,"MLE",0.0207105351265066,"beta"
9,0.840478220342457,0.852152032256778,0.829758524866752,"MLE",0.0223935073900257,"beta"
10,0.840363535126477,0.852118201016043,0.828871311908889,"MLE",0.0232468891071533,"beta"
11,0.840574821452446,0.851631590759048,0.831420951270194,"MLE",0.0202106394888538,"beta"
12,0.838005700888294,0.862423567433193,0.823837639493783,"MLE",0.0385859279394102,"beta"
13,0.840068898068326,0.858549802942968,0.827891974966941,"MLE",0.0306578279760277,"beta"
14,0.840153816074035,0.85727042266074,0.824825734409959,"MLE",0.0324446882507811,"beta"
15,0.840720992469998,0.864177036926843,0.819413506503048,"MLE",0.044763530423795,"beta"
16,0.840545626204637,0.863371181455222,0.819147926609612,"MLE",0.0442232548456093,"beta"
17,0.840458416437591,0.854494199166706,0.82350682967219,"MLE",0.0309873694945155,"beta"
18,0.840513444433343,0.863541215276985,0.824509946071239,"MLE",0.039031269205746,"beta"
19,0.841007358253295,0.855302571463055,0.821321720311202,"MLE",0.0339808511518526,"beta"
20,0.839354861620761,0.858883154741139,0.821868565086262,"MLE",0.0370145896548768,"beta"
21,0.839708569876409,0.854925954301109,0.822393097289791,"MLE",0.032532857011318,"beta"
22,0.841067114175301,0.860446041204569,0.819844217170901,"MLE",0.0406018240336685,"beta"
23,0.839081004152126,0.857332695784473,0.818916667772881,"MLE",0.0384160280115921,"beta"
24,0.840205249986353,0.869456732338571,0.817413366884354,"MLE",0.0520433654542178,"beta"
25,0.840173269092088,0.861757572658477,0.812711125015518,"MLE",0.0490464476429594,"beta"
26,0.841048267128067,0.857741109881023,0.816296188797675,"MLE",0.0414449210833482,"beta"
27,0.839306352801228,0.868454098041055,0.819192941023013,"MLE",0.0492611570180417,"beta"
28,0.840904180977076,0.861974663862144,0.81770273872704,"MLE",0.0442719251351039,"beta"
29,0.842732023347093,0.862240820004903,0.807132550568694,"MLE",0.0551082694362086,"beta"
30,0.840768181281274,0.859117217886079,0.811273657268864,"MLE",0.0478435606172144,"beta"
1,1.14958861491973,1.15248073210352,1.14665010722952,"LSE",0.00583062487399966,"R"
2,1.14927756646097,1.15263838477302,1.14722841070509,"LSE",0.00540997406792765,"R"
3,1.14954142187633,1.15395697481779,1.14713843430437,"LSE",0.00681854051342645,"R"
4,1.14955595227538,1.15306446768308,1.14642049337008,"LSE",0.00664397431299779,"R"
5,1.14913539231821,1.15268095588401,1.14513176539914,"LSE",0.00754919048486813,"R"
6,1.15006547109361,1.15535616030366,1.14717325175768,"LSE",0.00818290854598347,"R"
7,1.14988746774939,1.15390959325128,1.14656092485727,"LSE",0.0073486683940025,"R"
8,1.14967225230531,1.1533139573852,1.14405959415759,"LSE",0.00925436322761142,"R"
9,1.14890391483309,1.15195877491196,1.14642228709299,"LSE",0.00553648781896121,"R"
10,1.14962282699786,1.15331105589988,1.14548965591753,"LSE",0.00782139998234599,"R"
11,1.14956161526439,1.15293719610048,1.14680733447616,"LSE",0.00612986162432394,"R"
12,1.14948167852564,1.1530576414737,1.14677951146323,"LSE",0.00627813001046174,"R"
13,1.14993859431636,1.15344124568231,1.14513570018864,"LSE",0.00830554549367291,"R"
14,1.14951191599671,1.15329812314237,1.14654194878357,"LSE",0.00675617435880738,"R"
15,1.14931277468006,1.15324695237489,1.14503435337278,"LSE",0.00821259900211069,"R"
16,1.149486529543,1.15419367714442,1.14655078282725,"LSE",0.00764289431717446,"R"
17,1.14966338298995,1.15403882067293,1.14477244992163,"LSE",0.00926637075130321,"R"
18,1.14942751164425,1.15576489346595,1.14644113858224,"LSE",0.00932375488371373,"R"
19,1.14979640738988,1.15441067038504,1.14525978286408,"LSE",0.0091508875209545,"R"
20,1.14977809823574,1.15561539998255,1.14599112694332,"LSE",0.0096242730392353,"R"
21,1.14907845061203,1.15451340516983,1.14443545679723,"LSE",0.0100779483725963,"R"
22,1.1492414402524,1.15342524143926,1.14591664805855,"LSE",0.0075085933807082,"R"
23,1.1493489009627,1.15620445356762,1.14438972076266,"LSE",0.0118147328049618,"R"
24,1.15010017022549,1.15361458948644,1.14509743557526,"LSE",0.00851715391118146,"R"
25,1.14930134048393,1.15565328299201,1.1453294136347,"LSE",0.0103238693573073,"R"
26,1.14958049911402,1.15398570760442,1.14418688117969,"LSE",0.00979882642472529,"R"
27,1.1494971134664,1.15500422189503,1.14453846263815,"LSE",0.010465759256878,"R"
28,1.14937780815768,1.15538766159475,1.14460944138898,"LSE",0.0107782202057711,"R"
29,1.14975601781372,1.15550516759248,1.14397888683386,"LSE",0.0115262807586112,"R"
30,1.1500918404311,1.15763164451081,1.14349261192032,"LSE",0.0141390325904962,"R"
1,1.16008019523049,1.1617814530777,1.15911581766766,"MLE",0.00266563541004605,"R"
2,1.15991969378447,1.16348222114691,1.15883473020249,"MLE",0.00464749094442118,"R"
3,1.15987607434593,1.1622897935846,1.15866908680939,"MLE",0.00362070677521675,"R"
4,1.1602965344216,1.16415543551238,1.1588573207852,"MLE",0.00529811472718178,"R"
5,1.15986356104749,1.16308605355423,1.15839651919237,"MLE",0.00468953436186315,"R"
6,1.15999260661017,1.16354232875109,1.15813570654025,"MLE",0.00540662221083865,"R"
7,1.16008112400097,1.1642107922427,1.15767078262501,"MLE",0.00654000961769396,"R"
8,1.16070136255859,1.16497510077039,1.15836509354139,"MLE",0.00661000722899807,"R"
9,1.16097991624403,1.16380661053409,1.15779449737169,"MLE",0.00601211316240446,"R"
10,1.16093784612914,1.16475766819076,1.15832102325568,"MLE",0.00643664493507545,"R"
11,1.16134252681988,1.16606343748381,1.15858155831704,"MLE",0.00748187916677034,"R"
12,1.16003354689592,1.16511528286922,1.15711169302913,"MLE",0.00800358984009208,"R"
13,1.16085799074044,1.16613631462207,1.15810110511435,"MLE",0.00803520950772585,"R"
14,1.16087922134076,1.1657610677517,1.15761100767403,"MLE",0.0081500600776705,"R"
15,1.16148635700831,1.1682719148161,1.1575038036151,"MLE",0.0107681112010025,"R"
16,1.16120528953037,1.16586749474495,1.15732765702026,"MLE",0.00853983772468547,"R"
17,1.16063302296294,1.16431392667965,1.15778702079325,"MLE",0.00652690588640259,"R"
18,1.16039803075652,1.16719548732544,1.15724767344659,"MLE",0.00994781387884447,"R"
19,1.16136586027415,1.16519212006307,1.15705149774742,"MLE",0.00814062231565038,"R"
20,1.16041444097159,1.1687326673036,1.1568509645547,"MLE",0.0118817027488949,"R"
21,1.16089877222954,1.16474984294122,1.15646914346367,"MLE",0.00828069947754839,"R"
22,1.16137482799593,1.16609945963815,1.15636688629273,"MLE",0.00973257334541788,"R"
23,1.15974754618751,1.16514008575161,1.15517368083516,"MLE",0.00996640491644496,"R"
24,1.16184429465379,1.17044373146443,1.1575922000529,"MLE",0.0128515314115358,"R"
25,1.16018947264793,1.16549486264858,1.15554720789093,"MLE",0.00994765475764581,"R"
26,1.16106815716962,1.16667553992767,1.15555265420751,"MLE",0.0111228857201535,"R"
27,1.16044600438128,1.16875561340865,1.1549767160116,"MLE",0.0137788973970494,"R"
28,1.16023765401703,1.16682035072123,1.15428361625832,"MLE",0.0125367344629104,"R"
29,1.16315532767663,1.17022126261603,1.15779127360348,"MLE",0.0124299890125452,"R"
30,1.16099509235306,1.1695792446735,1.1548317870218,"MLE",0.0147474576517026,"R"
1,0.895,0.935359282273777,0.84468495584534,"LSE",0.0906743264284361,"gamma"
2,0.901170140382525,0.951618952150826,0.836806790868656,"LSE",0.11481216128217,"gamma"
3,0.896125748453296,0.967377278814576,0.80128565448865,"LSE",0.166091624325926,"gamma"
4,0.895780056619553,0.967886905815096,0.841808801708683,"LSE",0.126078104106413,"gamma"
5,0.899099598284209,0.954211314502486,0.833228463776651,"LSE",0.120982850725835,"gamma"
6,0.882513690810886,0.938745069913966,0.802424179027902,"LSE",0.136320890886064,"gamma"
7,0.887589211077379,0.965468297956966,0.814869991179198,"LSE",0.150598306777768,"gamma"
8,0.889865909417302,0.968394959256236,0.809271707280102,"LSE",0.159123251976134,"gamma"
9,0.898287178413983,0.976513959805836,0.841320266720097,"LSE",0.135193693085739,"gamma"
10,0.895271513100003,0.963851105053036,0.819991877681265,"LSE",0.143859227371771,"gamma"
11,0.890251111606464,0.944947919391476,0.833249316592013,"LSE",0.111698602799463,"gamma"
12,0.896432752837407,0.967065115050606,0.807779337182858,"LSE",0.159285777867748,"gamma"
13,0.887774776369564,0.980111687528916,0.834351970094211,"LSE",0.145759717434705,"gamma"
14,0.89702522247472,0.959965221110496,0.839641287246662,"LSE",0.120323933863834,"gamma"
15,0.895223162137939,0.967178423325126,0.837354157101102,"LSE",0.129824266224024,"gamma"
16,0.89599996008755,1.01144316512195,0.816761726283897,"LSE",0.194681438838049,"gamma"
17,0.898336852810333,0.953256429082087,0.83608790522166,"LSE",0.117168523860426,"gamma"
18,0.891497131351847,0.977062560873126,0.821280763622272,"LSE",0.155781797250854,"gamma"
19,0.887515019148281,0.949467954483346,0.81263792906372,"LSE",0.136830025419626,"gamma"
20,0.894360859814199,1.00123190571337,0.802166169789438,"LSE",0.199065735923928,"gamma"
21,0.8931282346242,0.955118096588986,0.822827702792639,"LSE",0.132290393796347,"gamma"
22,0.882925774060829,0.953229318225716,0.822199790686591,"LSE",0.131029527539125,"gamma"
23,0.895493154350935,0.975999993402996,0.811511879180417,"LSE",0.164488114222579,"gamma"
24,0.881634963457959,0.971215936753976,0.823158046519035,"LSE",0.148057890234941,"gamma"
25,0.889513256105006,1.00348096102824,0.815826106907557,"LSE",0.187654854120679,"gamma"
26,0.886689997604175,0.941259843286706,0.820638413138687,"LSE",0.120621430148019,"gamma"
27,0.890051512172783,0.948959368329766,0.79860704200801,"LSE",0.150352326321756,"gamma"
28,0.894378096759463,1.01897363792629,0.819355516666323,"LSE",0.199618121259963,"gamma"
29,0.886247009777951,0.959331917374056,0.816155013153275,"LSE",0.143176904220781,"gamma"
30,0.880916555315859,0.950715000848906,0.813765822707556,"LSE",0.13694917814135,"gamma"
1,0.500245772987738,0.50973665,0.484480707273944,"MLE",0.025255942726056,"gamma"
2,0.502840876167657,0.512465139541344,0.491290949272113,"MLE",0.021174190269231,"gamma"
3,0.503029642952221,0.518584160297137,0.479397424734998,"MLE",0.039186735562139,"gamma"
4,0.505614696833468,0.519119915145815,0.487995717180787,"MLE",0.031124197965028,"gamma"
5,0.503973101972295,0.52440876,0.475915750126292,"MLE",0.048493009873708,"gamma"
6,0.506369699900666,0.53328003785253,0.483106582244715,"MLE",0.050173455607815,"gamma"
7,0.507988650056914,0.52806074,0.483984277552527,"MLE",0.044076462447473,"gamma"
8,0.507059741998075,0.531305424633388,0.479000629928936,"MLE",0.052304794704452,"gamma"
9,0.50537837261978,0.54034652,0.481279030622884,"MLE",0.059067489377116,"gamma"
10,0.506680353248692,0.53601574,0.484848486947302,"MLE",0.051167253052698,"gamma"
11,0.510057585778299,0.53335758767738,0.47923324762916,"MLE",0.05412434004822,"gamma"
12,0.51180529174516,0.53930289,0.468267365395518,"MLE",0.071035524604482,"gamma"
13,0.510854735118559,0.54967484,0.480631277004334,"MLE",0.069043562995666,"gamma"
14,0.51042905761056,0.534516800749222,0.480380964609033,"MLE",0.054135836140189,"gamma"
15,0.506395419657839,0.552132865948718,0.475370250094139,"MLE",0.076762615854579,"gamma"
16,0.510732889894493,0.546228716687142,0.446609360762121,"MLE",0.099619355925021,"gamma"
17,0.51225804866987,0.55083644,0.477769392849959,"MLE",0.073067047150041,"gamma"
18,0.518609328346991,0.550113139721,0.46149898026536,"MLE",0.0886141594556399,"gamma"
19,0.515974727095246,0.557105046471797,0.481872252934147,"MLE",0.0752327935376501,"gamma"
20,0.519186313381217,0.5514835,0.472264451529154,"MLE",0.079219048470846,"gamma"
21,0.521241108606049,0.561627527695582,0.462398518626449,"MLE",0.099229009069133,"gamma"
22,0.514748654458929,0.555791186188352,0.478095359692023,"MLE",0.077695826496329,"gamma"
23,0.522716294841296,0.568431387228838,0.479770909710498,"MLE",0.08866047751834,"gamma"
24,0.51928170029336,0.563591339351259,0.467767965858252,"MLE",0.0958233734930071,"gamma"
25,0.520410830242566,0.591230231654284,0.475114119710625,"MLE",0.116116111943659,"gamma"
26,0.524091457154068,0.59318954,0.466629783422034,"MLE",0.126559756577966,"gamma"
27,0.524781490576795,0.601324467248721,0.475292064024329,"MLE",0.126032403224392,"gamma"
28,0.521661622819436,0.575609354971757,0.470660542359984,"MLE",0.104948812611773,"gamma"
29,0.522138454905745,0.583756998010005,0.464818770850131,"MLE",0.118938227159874,"gamma"
30,0.524561101113431,0.57219962,0.475974468396565,"MLE",0.096225151603435,"gamma"
