"est","label","ending.day","ending.date","parameter"
0.122525837736606,"LSE",336,2021-01-01,"alpha"
0.163841805014222,"LSE",337,2021-01-02,"alpha"
0.23721975030115,"LSE",338,2021-01-03,"alpha"
0.29188035931573,"LSE",339,2021-01-04,"alpha"
0.341369271815479,"LSE",340,2021-01-05,"alpha"
0.378310593989907,"LSE",341,2021-01-06,"alpha"
0.409168998571214,"LSE",342,2021-01-07,"alpha"
0.435284117859041,"LSE",343,2021-01-08,"alpha"
0.459461310254081,"LSE",344,2021-01-09,"alpha"
0.483743006259315,"LSE",345,2021-01-10,"alpha"
0.505291304003979,"LSE",346,2021-01-11,"alpha"
0.526988301323594,"LSE",347,2021-01-12,"alpha"
0.545712086656915,"LSE",348,2021-01-13,"alpha"
0.561963704369382,"LSE",349,2021-01-14,"alpha"
0.576864096407127,"LSE",350,2021-01-15,"alpha"
0.590348006199352,"LSE",351,2021-01-16,"alpha"
0.605447017098474,"LSE",352,2021-01-17,"alpha"
0.620273435992926,"LSE",353,2021-01-18,"alpha"
0.634482832741593,"LSE",354,2021-01-19,"alpha"
0.648306185787741,"LSE",355,2021-01-20,"alpha"
0.66077900475193,"LSE",356,2021-01-21,"alpha"
0.671582412903993,"LSE",357,2021-01-22,"alpha"
0.678188785438149,"LSE",358,2021-01-23,"alpha"
0.68813430318658,"LSE",359,2021-01-24,"alpha"
0.689848431038804,"LSE",360,2021-01-25,"alpha"
0.703482431086682,"LSE",361,2021-01-26,"alpha"
0.708480488896746,"LSE",362,2021-01-27,"alpha"
0.708363098128256,"LSE",363,2021-01-28,"alpha"
0.706733270695869,"LSE",364,2021-01-29,"alpha"
0.708732265886719,"LSE",365,2021-01-30,"alpha"
0.710732049221136,"LSE",366,2021-01-31,"alpha"
0.720387729560353,"LSE",367,2021-02-01,"alpha"
0.7235431104446,"LSE",368,2021-02-02,"alpha"
0.722228235328853,"LSE",369,2021-02-03,"alpha"
0.718987903167741,"LSE",370,2021-02-04,"alpha"
0.718926729138749,"LSE",371,2021-02-05,"alpha"
0.722878621642017,"LSE",372,2021-02-06,"alpha"
0.726367920769781,"LSE",373,2021-02-07,"alpha"
0.730163064584431,"LSE",374,2021-02-08,"alpha"
0.725884049559206,"LSE",375,2021-02-09,"alpha"
0.732390071500144,"LSE",376,2021-02-10,"alpha"
0.729501996129821,"LSE",377,2021-02-11,"alpha"
0.731863656337401,"LSE",378,2021-02-12,"alpha"
0.731237255530679,"LSE",379,2021-02-13,"alpha"
0.730381749297606,"LSE",380,2021-02-14,"alpha"
0.729778318450555,"LSE",381,2021-02-15,"alpha"
0.729137295725912,"LSE",382,2021-02-16,"alpha"
0.728198870754961,"LSE",383,2021-02-17,"alpha"
0.727451877530798,"LSE",384,2021-02-18,"alpha"
0.726640693648216,"LSE",385,2021-02-19,"alpha"
0.725609515579026,"LSE",386,2021-02-20,"alpha"
0.724303098050529,"LSE",387,2021-02-21,"alpha"
0.723307865172498,"LSE",388,2021-02-22,"alpha"
0.722053718011728,"LSE",389,2021-02-23,"alpha"
0.72070323600753,"LSE",390,2021-02-24,"alpha"
0.719032885170445,"LSE",391,2021-02-25,"alpha"
0.717585286390344,"LSE",392,2021-02-26,"alpha"
0.715722780448836,"LSE",393,2021-02-27,"alpha"
0.71417913274888,"LSE",394,2021-02-28,"alpha"
0.712460379496555,"LSE",395,2021-03-01,"alpha"
0.71079815612001,"LSE",396,2021-03-02,"alpha"
0.709143391999776,"LSE",397,2021-03-03,"alpha"
0.70749854515458,"LSE",398,2021-03-04,"alpha"
0.705661405156699,"LSE",399,2021-03-05,"alpha"
0.704116285168915,"LSE",400,2021-03-06,"alpha"
0.70254809178222,"LSE",401,2021-03-07,"alpha"
0.701027092872521,"LSE",402,2021-03-08,"alpha"
0.699547476851128,"LSE",403,2021-03-09,"alpha"
0.697660405917432,"LSE",404,2021-03-10,"alpha"
0.6967358,"LSE",405,2021-03-11,"alpha"
0.732403074988576,"MLE",336,2021-01-01,"alpha"
0.737162378271743,"MLE",337,2021-01-02,"alpha"
0.737186111552576,"MLE",338,2021-01-03,"alpha"
0.73729021029449,"MLE",339,2021-01-04,"alpha"
0.737092518158995,"MLE",340,2021-01-05,"alpha"
0.737098808934602,"MLE",341,2021-01-06,"alpha"
0.737144328845776,"MLE",342,2021-01-07,"alpha"
0.736983452169602,"MLE",343,2021-01-08,"alpha"
0.73711539662856,"MLE",344,2021-01-09,"alpha"
0.737007151902897,"MLE",345,2021-01-10,"alpha"
0.713852110662688,"MLE",346,2021-01-11,"alpha"
0.713817384157515,"MLE",347,2021-01-12,"alpha"
0.73701434363235,"MLE",348,2021-01-13,"alpha"
0.737047629263531,"MLE",349,2021-01-14,"alpha"
0.737013685076328,"MLE",350,2021-01-15,"alpha"
0.737031824942836,"MLE",351,2021-01-16,"alpha"
0.737045248459329,"MLE",352,2021-01-17,"alpha"
0.737188588882499,"MLE",353,2021-01-18,"alpha"
0.737225000638671,"MLE",354,2021-01-19,"alpha"
0.737072556650339,"MLE",355,2021-01-20,"alpha"
0.737245879751723,"MLE",356,2021-01-21,"alpha"
0.737042969967502,"MLE",357,2021-01-22,"alpha"
0.737203426708433,"MLE",358,2021-01-23,"alpha"
0.737066681762338,"MLE",359,2021-01-24,"alpha"
0.737169581164852,"MLE",360,2021-01-25,"alpha"
0.737103033984471,"MLE",361,2021-01-26,"alpha"
0.737099153604952,"MLE",362,2021-01-27,"alpha"
0.737084751782744,"MLE",363,2021-01-28,"alpha"
0.737225050679936,"MLE",364,2021-01-29,"alpha"
0.737203231483464,"MLE",365,2021-01-30,"alpha"
0.737211223352217,"MLE",366,2021-01-31,"alpha"
0.737341002869916,"MLE",367,2021-02-01,"alpha"
0.737094346225074,"MLE",368,2021-02-02,"alpha"
0.737166951740352,"MLE",369,2021-02-03,"alpha"
0.737166251222129,"MLE",370,2021-02-04,"alpha"
0.737156849124728,"MLE",371,2021-02-05,"alpha"
0.737090994843883,"MLE",372,2021-02-06,"alpha"
0.737166365489983,"MLE",373,2021-02-07,"alpha"
0.737059633364273,"MLE",374,2021-02-08,"alpha"
0.737064314252231,"MLE",375,2021-02-09,"alpha"
0.737303219820792,"MLE",376,2021-02-10,"alpha"
0.737210323577544,"MLE",377,2021-02-11,"alpha"
0.737089547221664,"MLE",378,2021-02-12,"alpha"
0.737128426410476,"MLE",379,2021-02-13,"alpha"
0.736851232975806,"MLE",380,2021-02-14,"alpha"
0.737046880399246,"MLE",381,2021-02-15,"alpha"
0.737004078029673,"MLE",382,2021-02-16,"alpha"
0.737025371040805,"MLE",383,2021-02-17,"alpha"
0.737086222992452,"MLE",384,2021-02-18,"alpha"
0.737108829240745,"MLE",385,2021-02-19,"alpha"
0.737126037721168,"MLE",386,2021-02-20,"alpha"
0.736911125938791,"MLE",387,2021-02-21,"alpha"
0.736996261403738,"MLE",388,2021-02-22,"alpha"
0.737058834341978,"MLE",389,2021-02-23,"alpha"
0.7369385178844,"MLE",390,2021-02-24,"alpha"
0.736877829110249,"MLE",391,2021-02-25,"alpha"
0.736934608282529,"MLE",392,2021-02-26,"alpha"
0.736894129406699,"MLE",393,2021-02-27,"alpha"
0.736854805553983,"MLE",394,2021-02-28,"alpha"
0.736797160332082,"MLE",395,2021-03-01,"alpha"
0.736781471490938,"MLE",396,2021-03-02,"alpha"
0.734621607229562,"MLE",397,2021-03-03,"alpha"
0.736999831958612,"MLE",398,2021-03-04,"alpha"
0.736783984649986,"MLE",399,2021-03-05,"alpha"
0.736955934734596,"MLE",400,2021-03-06,"alpha"
0.73681043021916,"MLE",401,2021-03-07,"alpha"
0.736748512051089,"MLE",402,2021-03-08,"alpha"
0.736538357656521,"MLE",403,2021-03-09,"alpha"
0.73666667265768,"MLE",404,2021-03-10,"alpha"
0.7365011,"MLE",405,2021-03-11,"alpha"
0.0959352247555749,"LSE",336,2021-01-01,"beta"
0.136761439503456,"LSE",337,2021-01-02,"beta"
0.207658442687091,"LSE",338,2021-01-03,"beta"
0.259984601874123,"LSE",339,2021-01-04,"beta"
0.306973732187149,"LSE",340,2021-01-05,"beta"
0.341776081037311,"LSE",341,2021-01-06,"beta"
0.370671572515928,"LSE",342,2021-01-07,"beta"
0.394993246854075,"LSE",343,2021-01-08,"beta"
0.417412929733854,"LSE",344,2021-01-09,"beta"
0.439802547137787,"LSE",345,2021-01-10,"beta"
0.459596763658784,"LSE",346,2021-01-11,"beta"
0.479448575802882,"LSE",347,2021-01-12,"beta"
0.496521824071875,"LSE",348,2021-01-13,"beta"
0.511287212768381,"LSE",349,2021-01-14,"beta"
0.524791539611915,"LSE",350,2021-01-15,"beta"
0.536979180791233,"LSE",351,2021-01-16,"beta"
0.550595292289913,"LSE",352,2021-01-17,"beta"
0.563940456631372,"LSE",353,2021-01-18,"beta"
0.576692125997449,"LSE",354,2021-01-19,"beta"
0.589078182902212,"LSE",355,2021-01-20,"beta"
0.600233859315559,"LSE",356,2021-01-21,"beta"
0.609880476584181,"LSE",357,2021-01-22,"beta"
0.61581374546039,"LSE",358,2021-01-23,"beta"
0.624692119801691,"LSE",359,2021-01-24,"beta"
0.626210060646204,"LSE",360,2021-01-25,"beta"
0.638281953888288,"LSE",361,2021-01-26,"beta"
0.642719767802441,"LSE",362,2021-01-27,"beta"
0.642625661164264,"LSE",363,2021-01-28,"beta"
0.641302130244786,"LSE",364,2021-01-29,"beta"
0.642993863068867,"LSE",365,2021-01-30,"beta"
0.644769801819677,"LSE",366,2021-01-31,"beta"
0.653252490971888,"LSE",367,2021-02-01,"beta"
0.656079448897263,"LSE",368,2021-02-02,"beta"
0.654629542569927,"LSE",369,2021-02-03,"beta"
0.652160779305117,"LSE",370,2021-02-04,"beta"
0.652149843995313,"LSE",371,2021-02-05,"beta"
0.655545106247295,"LSE",372,2021-02-06,"beta"
0.658535357712314,"LSE",373,2021-02-07,"beta"
0.661951440187747,"LSE",374,2021-02-08,"beta"
0.658166994556934,"LSE",375,2021-02-09,"beta"
0.663892106903606,"LSE",376,2021-02-10,"beta"
0.661317381910218,"LSE",377,2021-02-11,"beta"
0.663427253344067,"LSE",378,2021-02-12,"beta"
0.662874442993563,"LSE",379,2021-02-13,"beta"
0.662119380043781,"LSE",380,2021-02-14,"beta"
0.661587215359539,"LSE",381,2021-02-15,"beta"
0.661021785640975,"LSE",382,2021-02-16,"beta"
0.660189922186647,"LSE",383,2021-02-17,"beta"
0.659535668239652,"LSE",384,2021-02-18,"beta"
0.658820199003941,"LSE",385,2021-02-19,"beta"
0.657911068702107,"LSE",386,2021-02-20,"beta"
0.656762536485817,"LSE",387,2021-02-21,"beta"
0.65588218165624,"LSE",388,2021-02-22,"beta"
0.654782367757303,"LSE",389,2021-02-23,"beta"
0.653586544737042,"LSE",390,2021-02-24,"beta"
0.652115986568669,"LSE",391,2021-02-25,"beta"
0.65083995359618,"LSE",392,2021-02-26,"beta"
0.649198951394948,"LSE",393,2021-02-27,"beta"
0.647837749919059,"LSE",394,2021-02-28,"beta"
0.646325234846487,"LSE",395,2021-03-01,"beta"
0.644859105663054,"LSE",396,2021-03-02,"beta"
0.643401305503696,"LSE",397,2021-03-03,"beta"
0.641952337276551,"LSE",398,2021-03-04,"beta"
0.640337455313654,"LSE",399,2021-03-05,"beta"
0.638974652359832,"LSE",400,2021-03-06,"beta"
0.637591656434742,"LSE",401,2021-03-07,"beta"
0.636252023887358,"LSE",402,2021-03-08,"beta"
0.634948753124749,"LSE",403,2021-03-09,"beta"
0.633278038581515,"LSE",404,2021-03-10,"beta"
0.6324725,"LSE",405,2021-03-11,"beta"
0.639644791932258,"MLE",336,2021-01-01,"beta"
0.639660324077776,"MLE",337,2021-01-02,"beta"
0.63970665360293,"MLE",338,2021-01-03,"beta"
0.6397775642397,"MLE",339,2021-01-04,"beta"
0.639576219291738,"MLE",340,2021-01-05,"beta"
0.639543799576048,"MLE",341,2021-01-06,"beta"
0.639614766579497,"MLE",342,2021-01-07,"beta"
0.639515820622046,"MLE",343,2021-01-08,"beta"
0.639685382968265,"MLE",344,2021-01-09,"beta"
0.63961756770492,"MLE",345,2021-01-10,"beta"
0.622307156559741,"MLE",346,2021-01-11,"beta"
0.622077853308808,"MLE",347,2021-01-12,"beta"
0.63954997434228,"MLE",348,2021-01-13,"beta"
0.639563889260725,"MLE",349,2021-01-14,"beta"
0.639506424091552,"MLE",350,2021-01-15,"beta"
0.639500370922462,"MLE",351,2021-01-16,"beta"
0.639490307646752,"MLE",352,2021-01-17,"beta"
0.639606732892142,"MLE",353,2021-01-18,"beta"
0.639543168156022,"MLE",354,2021-01-19,"beta"
0.639420908494598,"MLE",355,2021-01-20,"beta"
0.639596677063528,"MLE",356,2021-01-21,"beta"
0.639421436291533,"MLE",357,2021-01-22,"beta"
0.639628121453043,"MLE",358,2021-01-23,"beta"
0.63946054890257,"MLE",359,2021-01-24,"beta"
0.639619878025752,"MLE",360,2021-01-25,"beta"
0.639506710836468,"MLE",361,2021-01-26,"beta"
0.639537363606775,"MLE",362,2021-01-27,"beta"
0.639458952286782,"MLE",363,2021-01-28,"beta"
0.639608039377112,"MLE",364,2021-01-29,"beta"
0.639549299822259,"MLE",365,2021-01-30,"beta"
0.63953993673411,"MLE",366,2021-01-31,"beta"
0.639615059671307,"MLE",367,2021-02-01,"beta"
0.639391730783599,"MLE",368,2021-02-02,"beta"
0.639431157814285,"MLE",369,2021-02-03,"beta"
0.639402954913306,"MLE",370,2021-02-04,"beta"
0.639355622468489,"MLE",371,2021-02-05,"beta"
0.639323204862809,"MLE",372,2021-02-06,"beta"
0.639366374486281,"MLE",373,2021-02-07,"beta"
0.639272497681979,"MLE",374,2021-02-08,"beta"
0.639246562251038,"MLE",375,2021-02-09,"beta"
0.639482935065748,"MLE",376,2021-02-10,"beta"
0.639379546538049,"MLE",377,2021-02-11,"beta"
0.63925662292318,"MLE",378,2021-02-12,"beta"
0.639270532576143,"MLE",379,2021-02-13,"beta"
0.639012697573477,"MLE",380,2021-02-14,"beta"
0.639196736992764,"MLE",381,2021-02-15,"beta"
0.639129151854488,"MLE",382,2021-02-16,"beta"
0.639172472284202,"MLE",383,2021-02-17,"beta"
0.639246505314698,"MLE",384,2021-02-18,"beta"
0.639256238233103,"MLE",385,2021-02-19,"beta"
0.639333117725536,"MLE",386,2021-02-20,"beta"
0.639077084772515,"MLE",387,2021-02-21,"beta"
0.639214551819747,"MLE",388,2021-02-22,"beta"
0.639312569762558,"MLE",389,2021-02-23,"beta"
0.639228515398559,"MLE",390,2021-02-24,"beta"
0.639196490331819,"MLE",391,2021-02-25,"beta"
0.639280377186824,"MLE",392,2021-02-26,"beta"
0.63929763914969,"MLE",393,2021-02-27,"beta"
0.639329087592721,"MLE",394,2021-02-28,"beta"
0.639355967084236,"MLE",395,2021-03-01,"beta"
0.639408518501437,"MLE",396,2021-03-02,"beta"
0.640876978944211,"MLE",397,2021-03-03,"beta"
0.639857829724975,"MLE",398,2021-03-04,"beta"
0.639722732655202,"MLE",399,2021-03-05,"beta"
0.640023937402291,"MLE",400,2021-03-06,"beta"
0.63999537040913,"MLE",401,2021-03-07,"beta"
0.640066063605193,"MLE",402,2021-03-08,"beta"
0.639966263034897,"MLE",403,2021-03-09,"beta"
0.640176953253326,"MLE",404,2021-03-10,"beta"
0.6401112,"MLE",405,2021-03-11,"beta"
1.27717257189712,"LSE",336,2021-01-01,"R"
1.19801170278031,"LSE",337,2021-01-02,"R"
1.14235543342971,"LSE",338,2021-01-03,"R"
1.12268325589932,"LSE",339,2021-01-04,"R"
1.1120471754481,"LSE",340,2021-01-05,"R"
1.10689604972271,"LSE",341,2021-01-06,"R"
1.10385858778968,"LSE",342,2021-01-07,"R"
1.10200394899372,"LSE",343,2021-01-08,"R"
1.10073569246414,"LSE",344,2021-01-09,"R"
1.09990951486637,"LSE",345,2021-01-10,"R"
1.09942311164558,"LSE",346,2021-01-11,"R"
1.0991550041443,"LSE",347,2021-01-12,"R"
1.09906968878355,"LSE",348,2021-01-13,"R"
1.09911550755712,"LSE",349,2021-01-14,"R"
1.0992252215684,"LSE",350,2021-01-15,"R"
1.09938714072579,"LSE",351,2021-01-16,"R"
1.09962258227896,"LSE",352,2021-01-17,"R"
1.09989171498362,"LSE",353,2021-01-18,"R"
1.10021067418632,"LSE",354,2021-01-19,"R"
1.10054353497482,"LSE",355,2021-01-20,"R"
1.10086926036697,"LSE",356,2021-01-21,"R"
1.10117053863634,"LSE",357,2021-01-22,"R"
1.10128880759413,"LSE",358,2021-01-23,"R"
1.1015575214956,"LSE",359,2021-01-24,"R"
1.10162463746898,"LSE",360,2021-01-25,"R"
1.10214996178602,"LSE",361,2021-01-26,"R"
1.10231631947334,"LSE",362,2021-01-27,"R"
1.10229506995549,"LSE",363,2021-01-28,"R"
1.10202857181545,"LSE",364,2021-01-29,"R"
1.10223799416078,"LSE",365,2021-01-30,"R"
1.10230356200818,"LSE",366,2021-01-31,"R"
1.10277073492454,"LSE",367,2021-02-01,"R"
1.10282849380625,"LSE",368,2021-02-02,"R"
1.10326251469426,"LSE",369,2021-02-03,"R"
1.10247032017753,"LSE",370,2021-02-04,"R"
1.10239500286366,"LSE",371,2021-02-05,"R"
1.10271377934644,"LSE",372,2021-02-06,"R"
1.10300519518513,"LSE",373,2021-02-07,"R"
1.10304626632029,"LSE",374,2021-02-08,"R"
1.1028873455556,"LSE",375,2021-02-09,"R"
1.10317635031995,"LSE",376,2021-02-10,"R"
1.10310422209477,"LSE",377,2021-02-11,"R"
1.10315585114777,"LSE",378,2021-02-12,"R"
1.1031308617487,"LSE",379,2021-02-13,"R"
1.10309676972348,"LSE",380,2021-02-14,"R"
1.10307197827872,"LSE",381,2021-02-15,"R"
1.10304578693861,"LSE",382,2021-02-16,"R"
1.1030142180042,"LSE",383,2021-02-17,"R"
1.10297579427724,"LSE",384,2021-02-18,"R"
1.10294234261003,"LSE",385,2021-02-19,"R"
1.10289908484208,"LSE",386,2021-02-20,"R"
1.10283863316277,"LSE",387,2021-02-21,"R"
1.10280151740972,"LSE",388,2021-02-22,"R"
1.10273848772812,"LSE",389,2021-02-23,"R"
1.10268983015477,"LSE",390,2021-02-24,"R"
1.10261502551698,"LSE",391,2021-02-25,"R"
1.10255260517638,"LSE",392,2021-02-26,"R"
1.10247063540529,"LSE",393,2021-02-27,"R"
1.1024043178066,"LSE",394,2021-02-28,"R"
1.1023248684786,"LSE",395,2021-03-01,"R"
1.10225342230247,"LSE",396,2021-03-02,"R"
1.10217897591086,"LSE",397,2021-03-03,"R"
1.10210447734501,"LSE",398,2021-03-04,"R"
1.10201488184234,"LSE",399,2021-03-05,"R"
1.10194713134317,"LSE",400,2021-03-06,"R"
1.10187780014359,"LSE",401,2021-03-07,"R"
1.10180725019844,"LSE",402,2021-03-08,"R"
1.10173848426109,"LSE",403,2021-03-09,"R"
1.10166524561649,"LSE",404,2021-03-10,"R"
1.10160647300871,"LSE",405,2021-03-11,"R"
1.14501530259648,"MLE",336,2021-01-01,"R"
1.15242785979346,"MLE",337,2021-01-02,"R"
1.15238149767651,"MLE",338,2021-01-03,"R"
1.15241648270469,"MLE",339,2021-01-04,"R"
1.15247017622895,"MLE",340,2021-01-05,"R"
1.15253843352593,"MLE",341,2021-01-06,"R"
1.15248172394118,"MLE",342,2021-01-07,"R"
1.15240847591972,"MLE",343,2021-01-08,"R"
1.15230926992297,"MLE",344,2021-01-09,"R"
1.15226220966293,"MLE",345,2021-01-10,"R"
1.14710573892325,"MLE",346,2021-01-11,"R"
1.14747274856475,"MLE",347,2021-01-12,"R"
1.15239523602562,"MLE",348,2021-01-13,"R"
1.15242220775705,"MLE",349,2021-01-14,"R"
1.15247268410679,"MLE",350,2021-01-15,"R"
1.1525119584836,"MLE",351,2021-01-16,"R"
1.15255108583517,"MLE",352,2021-01-17,"R"
1.15256539834895,"MLE",353,2021-01-18,"R"
1.15273688680671,"MLE",354,2021-01-19,"R"
1.15271888494489,"MLE",355,2021-01-20,"R"
1.15267309257533,"MLE",356,2021-01-21,"R"
1.1526716624362,"MLE",357,2021-01-22,"R"
1.15255005523167,"MLE",358,2021-01-23,"R"
1.1526382401968,"MLE",359,2021-01-24,"R"
1.15251199421787,"MLE",360,2021-01-25,"R"
1.15261188271245,"MLE",361,2021-01-26,"R"
1.15255057100646,"MLE",362,2021-01-27,"R"
1.15266937642649,"MLE",363,2021-01-28,"R"
1.15262005055141,"MLE",364,2021-01-29,"R"
1.15269179668924,"MLE",365,2021-01-30,"R"
1.15272116877779,"MLE",366,2021-01-31,"R"
1.15278868394504,"MLE",367,2021-02-01,"R"
1.15280556619295,"MLE",368,2021-02-02,"R"
1.15284803177272,"MLE",369,2021-02-03,"R"
1.15289778622008,"MLE",370,2021-02-04,"R"
1.15296843136944,"MLE",371,2021-02-05,"R"
1.15292388769473,"MLE",372,2021-02-06,"R"
1.15296392632828,"MLE",373,2021-02-07,"R"
1.15296627969586,"MLE",374,2021-02-08,"R"
1.15302038020625,"MLE",375,2021-02-09,"R"
1.1529677797344,"MLE",376,2021-02-10,"R"
1.15300892493231,"MLE",377,2021-02-11,"R"
1.15304170624172,"MLE",378,2021-02-12,"R"
1.1530774356828,"MLE",379,2021-02-13,"R"
1.15310890655828,"MLE",380,2021-02-14,"R"
1.15308298328749,"MLE",381,2021-02-15,"R"
1.15313794698801,"MLE",382,2021-02-16,"R"
1.15309310553833,"MLE",383,2021-02-17,"R"
1.15305475566048,"MLE",384,2021-02-18,"R"
1.15307256332469,"MLE",385,2021-02-19,"R"
1.15296082321456,"MLE",386,2021-02-20,"R"
1.15308644840724,"MLE",387,2021-02-21,"R"
1.15297165764706,"MLE",388,2021-02-22,"R"
1.15289276201111,"MLE",389,2021-02-23,"R"
1.15285613850458,"MLE",390,2021-02-24,"R"
1.15281895357048,"MLE",391,2021-02-25,"R"
1.15275649711858,"MLE",392,2021-02-26,"R"
1.15266205329151,"MLE",393,2021-02-27,"R"
1.15254384612544,"MLE",394,2021-02-28,"R"
1.15240523005083,"MLE",395,2021-03-01,"R"
1.152285980202,"MLE",396,2021-03-02,"R"
1.14627554330285,"MLE",397,2021-03-03,"R"
1.1518181035237,"MLE",398,2021-03-04,"R"
1.15172393763768,"MLE",399,2021-03-05,"R"
1.15145058124815,"MLE",400,2021-03-06,"R"
1.15127462523383,"MLE",401,2021-03-07,"R"
1.15105073357792,"MLE",402,2021-03-08,"R"
1.15090185248774,"MLE",403,2021-03-09,"R"
1.15072351310681,"MLE",404,2021-03-10,"R"
1.1505830549442,"MLE",405,2021-03-11,"R"
